userID,itemId
1,814
1,1189
1,408
1,1467
1,1449
1,1500
1,919
1,1599
1,851
1,1201
2,814
2,1189
2,1449
2,1500
2,408
2,1653
2,1398
2,169
2,1467
2,98
3,169
3,127
3,89
3,50
3,114
3,56
3,64
3,902
3,1189
3,1467
4,1653
4,1189
4,1616
4,1201
4,1599
4,1594
4,1500
4,1122
4,1467
4,814
5,814
5,1467
5,1500
5,119
5,1449
5,1189
5,114
5,1240
5,1599
5,127
6,1189
6,814
6,1467
6,851
6,1599
6,1449
6,1653
6,1536
6,1500
6,1482
7,814
7,1189
7,1467
7,1653
7,1122
7,1500
7,1594
7,1599
7,851
7,1536
8,1189
8,814
8,408
8,1449
8,851
8,98
8,1500
8,1599
8,169
8,64
9,1189
9,1653
9,1599
9,1201
9,814
9,1122
9,1500
9,1452
9,1398
9,1130
10,1189
10,814
10,1467
10,1653
10,1599
10,1500
10,1449
10,1536
10,1122
10,851
11,814
11,1189
11,1653
11,1467
11,1500
11,1599
11,1594
11,1201
11,1616
11,1122
12,1189
12,1599
12,814
12,1653
12,1467
12,1536
12,1201
12,1449
12,1594
12,1122
13,1189
13,408
13,1449
13,169
13,512
13,1063
13,513
13,114
13,1201
13,1482
14,814
14,1189
14,1467
14,1653
14,1599
14,851
14,1201
14,1500
14,1482
14,1449
15,814
15,1189
15,1536
15,1653
15,1594
15,1482
15,1599
15,1201
15,1398
15,1452
16,169
16,50
16,408
16,114
16,1189
16,515
16,1449
16,187
16,272
16,511
17,1189
17,1467
17,1653
17,1452
17,814
17,1201
17,1482
17,1599
17,1500
17,1449
18,1189
18,814
18,1599
18,1653
18,1467
18,1449
18,1500
18,851
18,1536
18,1201
19,1189
19,814
19,1599
19,851
19,1449
19,1653
19,1130
19,408
19,169
19,1467
20,1653
20,814
20,1599
20,1467
20,1201
20,1189
20,851
20,1616
20,1500
20,1122
21,357
21,169
21,64
21,178
21,114
21,1142
21,89
21,12
21,318
21,1189
22,408
22,169
22,98
22,64
22,12
22,114
22,22
22,318
22,480
22,357
23,814
23,1189
23,1467
23,1599
23,1653
23,1500
23,851
23,1449
23,1482
23,1201
24,1189
24,1449
24,1467
24,1536
24,1599
24,814
24,169
24,408
24,89
24,114
25,1599
25,1189
25,1653
25,814
25,1467
25,1201
25,1500
25,1122
25,1594
25,1235
26,814
26,1189
26,1467
26,1653
26,1449
26,1500
26,1536
26,408
26,169
26,64
27,1467
27,814
27,1189
27,1599
27,1500
27,1653
27,1594
27,1201
27,1235
27,1449
28,1467
28,1189
28,814
28,1599
28,1449
28,1536
28,1653
28,169
28,1500
28,64
29,1189
29,1467
29,814
29,1653
29,1449
29,1594
29,1201
29,1500
29,1536
29,1122
30,1189
30,814
30,1467
30,1599
30,1201
30,1653
30,1122
30,1500
30,1130
30,1536
31,1189
31,814
31,1122
31,1500
31,1616
31,1653
31,1130
31,1398
31,1467
31,1599
32,1189
32,1467
32,1122
32,1449
32,1500
32,1653
32,1594
32,814
32,1064
32,1536
33,1599
33,1189
33,1467
33,1653
33,1536
33,814
33,1293
33,1449
33,1500
33,1122
34,1235
34,1500
34,814
34,1653
34,1189
34,1594
34,851
34,1122
34,1201
34,1616
35,1467
35,1653
35,1189
35,1064
35,814
35,1449
35,1599
35,1398
35,1594
35,1536
36,814
36,1653
36,1122
36,1189
36,1533
36,1500
36,1467
36,1235
36,1616
36,1645
37,1467
37,1653
37,1189
37,814
37,1536
37,1449
37,169
37,64
37,1500
37,408
38,1189
38,143
38,1599
38,1235
38,1550
38,1536
38,1201
38,1064
38,1122
38,966
39,1653
39,1467
39,1189
39,1651
39,814
39,1650
39,1599
39,1122
39,1642
39,1482
40,1189
40,814
40,1599
40,1653
40,1467
40,1201
40,1130
40,1500
40,1482
40,851
41,1189
41,814
41,1467
41,1653
41,1500
41,1599
41,851
41,1122
41,1449
41,1201
42,1189
42,814
42,1467
42,1653
42,22
42,1449
42,1599
42,966
42,1536
42,313
43,1189
43,814
43,1467
43,1536
43,1653
43,1599
43,1449
43,22
43,1500
43,1594
44,814
44,1467
44,1189
44,1599
44,1653
44,1500
44,1201
44,1449
44,851
44,1122
45,1189
45,814
45,1467
45,1500
45,1449
45,1599
45,1201
45,1653
45,851
45,1594
46,814
46,1189
46,1599
46,1616
46,1467
46,851
46,1500
46,1235
46,1482
46,1594
47,1189
47,814
47,127
47,408
47,169
47,1449
47,1467
47,318
47,89
47,98
48,1189
48,1467
48,814
48,1449
48,64
48,169
48,318
48,12
48,127
48,22
49,1189
49,814
49,1467
49,851
49,1599
49,408
49,1482
49,119
49,474
49,1449
50,1653
50,1122
50,1467
50,814
50,1189
50,1636
50,1594
50,1452
50,1500
50,1616
51,22
51,174
51,1467
51,1449
51,169
51,113
51,1653
51,12
51,318
51,114
52,1189
52,814
52,1599
52,1653
52,1467
52,1616
52,1201
52,1594
52,1500
52,851
53,1189
53,814
53,1653
53,1467
53,1500
53,1536
53,1122
53,1594
53,1201
53,851
54,1449
54,1189
54,814
54,1599
54,1201
54,1467
54,1500
54,64
54,1594
54,169
55,98
55,169
55,64
55,127
55,114
55,12
55,408
55,318
55,357
55,480
56,1467
56,1189
56,1653
56,814
56,1599
56,1449
56,1536
56,1122
56,1500
56,1398
57,1189
57,814
57,1449
57,1467
57,1653
57,169
57,22
57,12
57,174
57,408
58,1467
58,1500
58,1293
58,114
58,119
58,1449
58,1653
58,1599
58,1189
58,320
59,1189
59,814
59,1467
59,1500
59,1201
59,1653
59,1594
59,1599
59,1482
59,1616
60,1189
60,814
60,1467
60,1653
60,1599
60,1500
60,1449
60,1201
60,851
60,1536
61,1189
61,1653
61,814
61,1599
61,1449
61,1064
61,1398
61,1201
61,1467
61,1500
62,814
62,1189
62,408
62,1467
62,169
62,1449
62,1599
62,851
62,1201
62,1500
63,1467
63,1189
63,1449
63,169
63,127
63,1653
63,1500
63,12
63,64
63,114
64,1189
64,814
64,1467
64,1653
64,1449
64,1536
64,1500
64,1122
64,1594
64,1599
65,1189
65,814
65,1653
65,1467
65,1599
65,1536
65,1449
65,1500
65,1594
65,1201
66,1653
66,1467
66,814
66,1189
66,1449
66,1599
66,64
66,1398
66,1536
66,22
67,1599
67,814
67,1235
67,1189
67,1653
67,1467
67,1450
67,1500
67,1625
67,1536
68,1189
68,814
68,1467
68,919
68,408
68,169
68,1142
68,1449
68,1201
68,98
69,1189
69,814
69,1467
69,1599
69,1500
69,1452
69,1201
69,1130
69,1653
69,1594
70,1189
70,814
70,1467
70,1599
70,1449
70,1653
70,1536
70,1500
70,1064
70,851
71,1189
71,814
71,1599
71,1467
71,1122
71,1500
71,1536
71,1653
71,1449
71,851
72,1189
72,814
72,1653
72,1467
72,1536
72,1599
72,1500
72,1122
72,1594
72,1064
73,1189
73,814
73,1467
73,851
73,1500
73,1653
73,1449
73,408
73,1064
73,119
74,1189
74,64
74,1467
74,318
74,1449
74,22
74,169
74,98
74,12
74,174
75,1189
75,1467
75,127
75,1449
75,169
75,89
75,98
75,12
75,814
75,474
76,1189
76,814
76,1130
76,127
76,408
76,119
76,1599
76,1449
76,169
76,1500
77,814
77,1467
77,1189
77,1500
77,851
77,1599
77,1449
77,1653
77,408
77,169
78,1201
78,1189
78,1594
78,1500
78,1653
78,814
78,1398
78,1449
78,1482
78,1467
79,1189
79,1599
79,814
79,851
79,1130
79,1536
79,1450
79,1122
79,1500
79,1201
80,1189
80,814
80,1467
80,1653
80,1599
80,1500
80,1122
80,1449
80,851
80,1064
81,814
81,1189
81,1467
81,1599
81,1653
81,851
81,64
81,1449
81,1235
81,1500
82,1189
82,1449
82,98
82,408
82,12
82,89
82,814
82,114
82,427
82,515
83,1189
83,814
83,1653
83,1599
83,1467
83,1398
83,1536
83,1064
83,1449
83,1235
84,814
84,1189
84,1599
84,1467
84,1653
84,1616
84,1201
84,1594
84,1500
84,1482
85,1189
85,814
85,1467
85,1653
85,1500
85,1449
85,1599
85,1536
85,851
85,1122
86,814
86,1653
86,1467
86,1450
86,1189
86,1616
86,1599
86,1625
86,1645
86,1235
87,1467
87,1449
87,814
87,966
87,1599
87,1653
87,169
87,12
87,313
87,143
88,1536
88,1122
88,1189
88,814
88,1201
88,1594
88,1599
88,1653
88,1525
88,1450
89,1467
89,1653
89,1500
89,814
89,1189
89,1398
89,1536
89,1201
89,1599
89,1449
90,814
90,1189
90,1467
90,1599
90,1536
90,1653
90,1498
90,1500
90,1235
90,1122
91,1467
91,814
91,1189
91,1599
91,1449
91,1500
91,1653
91,169
91,1122
91,1064
92,1189
92,814
92,1467
92,1449
92,1599
92,851
92,127
92,1536
92,114
92,1500
93,1467
93,1500
93,1653
93,1599
93,1122
93,814
93,1189
93,1201
93,1650
93,1458
94,1189
94,814
94,1467
94,1500
94,1599
94,1449
94,1653
94,1536
94,851
94,1452
95,1189
95,1449
95,318
95,408
95,169
95,814
95,12
95,1467
95,427
95,969
96,1599
96,814
96,1189
96,1122
96,1653
96,1467
96,1130
96,1616
96,1500
96,1235
97,1599
97,814
97,1189
97,1653
97,1616
97,1482
97,1500
97,1201
97,1467
97,1594
98,1189
98,1536
98,1293
98,1064
98,1505
98,1467
98,1449
98,1599
98,851
98,1594
99,1189
99,1467
99,814
99,1449
99,318
99,169
99,1536
99,127
99,515
99,480
100,1599
100,22
100,64
100,1189
100,1467
100,318
100,1449
100,169
100,174
100,50
101,64
101,22
101,318
101,174
101,1189
101,98
101,1449
101,12
101,169
101,496
102,1189
102,814
102,1467
102,1449
102,1500
102,1599
102,1653
102,1536
102,169
102,64
103,1599
103,1189
103,1467
103,814
103,1653
103,169
103,1201
103,1500
103,1449
103,408
104,408
104,318
104,64
104,169
104,1189
104,174
104,98
104,12
104,22
104,172
105,1189
105,814
105,1653
105,1536
105,1599
105,1201
105,1500
105,1398
105,1122
105,1064
106,1189
106,1467
106,814
106,1653
106,1599
106,1536
106,1122
106,1449
106,1500
106,1594
107,814
107,1189
107,119
107,853
107,408
107,1449
107,1482
107,127
107,1467
107,474
108,1189
108,814
108,1467
108,1599
108,1625
108,1130
108,1653
108,1122
108,1616
108,851
109,1653
109,1467
109,814
109,1189
109,1398
109,1599
109,1449
109,1500
109,1201
109,1536
110,1189
110,814
110,1599
110,1467
110,1536
110,1653
110,1122
110,1449
110,1500
110,1064
111,1467
111,1653
111,1189
111,814
111,1449
111,1201
111,1594
111,1536
111,169
111,113
112,1467
112,814
112,1189
112,1594
112,1536
112,1064
112,1616
112,1449
112,1443
112,1653
113,1653
113,814
113,1599
113,1235
113,1189
113,1201
113,1122
113,1500
113,1467
113,1130
114,814
114,1189
114,1653
114,1599
114,1467
114,1235
114,1201
114,851
114,1500
114,1616
115,1189
115,814
115,1467
115,1599
115,1500
115,851
115,119
115,1625
115,1122
115,1450
116,1189
116,1449
116,814
116,64
116,169
116,318
116,408
116,1467
116,98
116,12
117,814
117,1189
117,1467
117,1599
117,1449
117,1500
117,1653
117,1201
117,169
117,851
118,1189
118,1467
118,814
118,1599
118,1653
118,1500
118,1536
118,1201
118,1482
118,851
119,814
119,1189
119,1653
119,1500
119,1467
119,1201
119,1449
119,1599
119,1122
119,1594
120,1189
120,814
120,1599
120,1201
120,1235
120,1616
120,1122
120,1594
120,1467
120,1536
121,814
121,1189
121,1467
121,1653
121,1623
121,1500
121,1482
121,1594
121,1616
121,1452
122,814
122,1189
122,1500
122,1653
122,1625
122,851
122,1130
122,1122
122,1201
122,1645
123,1189
123,814
123,1449
123,474
123,1467
123,408
123,169
123,178
123,1536
123,318
124,814
124,1189
124,1467
124,1599
124,1500
124,1653
124,1450
124,1122
124,1536
124,1594
125,1449
125,1467
125,1189
125,966
125,313
125,814
125,265
125,169
125,71
125,12
126,814
126,1189
126,1594
126,1642
126,1616
126,1500
126,1653
126,1482
126,1625
126,1122
127,1653
127,1599
127,1525
127,1398
127,1122
127,1650
127,1189
127,814
127,1242
127,1201
128,1189
128,1467
128,1449
128,814
128,1653
128,1599
128,1500
128,1122
128,1130
128,1536
129,1189
129,814
129,1536
129,1599
129,851
129,1482
129,1616
129,1122
129,1505
129,1512
130,1189
130,1599
130,1536
130,1122
130,1467
130,1653
130,814
130,1449
130,1064
130,1293
131,1189
131,814
131,1467
131,1500
131,1482
131,1653
131,1536
131,851
131,1594
131,1505
132,1189
132,1653
132,814
132,1599
132,1467
132,1500
132,1452
132,1594
132,1064
132,1449
133,814
133,1189
133,1467
133,1449
133,1599
133,169
133,1653
133,1594
133,64
133,867
134,1599
134,22
134,1235
134,1189
134,174
134,64
134,1467
134,96
134,318
134,1269
135,1189
135,814
135,1467
135,1449
135,1599
135,169
135,408
135,64
135,127
135,89
136,1189
136,814
136,1201
136,1599
136,851
136,1467
136,1500
136,1122
136,1482
136,1616
137,1189
137,814
137,1449
137,1467
137,1653
137,64
137,169
137,12
137,1122
137,613
138,1189
138,814
138,1467
138,1653
138,1449
138,1599
138,169
138,64
138,1536
138,408
139,1189
139,1653
139,814
139,851
139,1467
139,1122
139,1130
139,1599
139,1500
139,1452
140,1189
140,1653
140,1467
140,814
140,851
140,1500
140,1130
140,1616
140,1122
140,1201
141,1599
141,1235
141,1122
141,1427
141,1189
141,22
141,1467
141,1269
141,1653
141,64
142,1467
142,1189
142,814
142,1653
142,1500
142,1536
142,1449
142,1599
142,1594
142,1293
143,814
143,1599
143,1653
143,1189
143,1500
143,1122
143,1398
143,1467
143,851
143,1450
144,1189
144,814
144,1653
144,1467
144,1449
144,1599
144,1536
144,1594
144,1201
144,169
145,169
145,408
145,1449
145,114
145,318
145,127
145,480
145,1189
145,115
145,357
146,814
146,1189
146,851
146,1122
146,1235
146,1616
146,1450
146,1625
146,1594
146,1536
147,1500
147,1653
147,1201
147,1189
147,1616
147,814
147,1467
147,1594
147,1122
147,1533
148,814
148,1189
148,1467
148,1201
148,1599
148,1500
148,1653
148,851
148,1449
148,1482
149,1189
149,1653
149,1536
149,851
149,1482
149,1449
149,1467
149,1201
149,1130
149,1500
150,1467
150,1189
150,1653
150,1500
150,1449
150,814
150,1122
150,169
150,1064
150,64
151,1189
151,814
151,1599
151,1467
151,851
151,1616
151,1500
151,1653
151,1482
151,1536
152,1189
152,1599
152,814
152,1653
152,1536
152,1235
152,1467
152,1398
152,1201
152,1505
153,1189
153,814
153,1599
153,1235
153,1122
153,1500
153,1358
153,1625
153,1064
153,1533
154,1467
154,1189
154,814
154,1500
154,1653
154,1449
154,851
154,127
154,408
154,169
155,1189
155,814
155,1467
155,1653
155,1500
155,1625
155,1482
155,1594
155,1449
155,1536
156,1189
156,814
156,1467
156,1653
156,1500
156,851
156,1599
156,1122
156,1449
156,1536
157,814
157,1189
157,1467
157,1449
157,1500
157,851
157,1122
157,1653
157,408
157,1201
158,814
158,1189
158,1467
158,1599
158,1653
158,1500
158,851
158,1122
158,1449
158,1536
159,1599
159,1189
159,1653
159,1467
159,1235
159,1064
159,1398
159,814
159,22
159,851
160,1189
160,814
160,1500
160,1653
160,1467
160,1122
160,119
160,1599
160,1449
160,1536
161,1189
161,1599
161,1449
161,1467
161,814
161,1536
161,1201
161,1653
161,1594
161,1500
162,1189
162,1653
162,814
162,1467
162,1122
162,1599
162,1536
162,1500
162,1449
162,1398
163,1189
163,814
163,1467
163,1653
163,1599
163,1449
163,1536
163,1122
163,851
163,1452
164,814
164,1653
164,1467
164,1599
164,1189
164,1235
164,1064
164,1500
164,1449
164,1536
165,1599
165,814
165,1189
165,1467
165,851
165,1201
165,1235
165,1500
165,1130
165,1616
166,1653
166,1235
166,1599
166,814
166,1500
166,1398
166,1122
166,1201
166,1604
166,1594
167,1189
167,814
167,1452
167,1201
167,1653
167,1449
167,1500
167,1594
167,1130
167,1467
168,814
168,1189
168,1467
168,1653
168,1594
168,1616
168,1599
168,1500
168,22
168,1516
169,1467
169,1189
169,814
169,1653
169,1599
169,1449
169,1500
169,64
169,22
169,1616
170,814
170,1653
170,1599
170,1189
170,851
170,1467
170,1235
170,1122
170,1616
170,1450
171,814
171,1467
171,1189
171,1653
171,1449
171,169
171,408
171,1500
171,64
171,318
172,1653
172,814
172,1467
172,1189
172,851
172,1500
172,1599
172,1449
172,1235
172,1594
173,1189
173,1599
173,814
173,1467
173,1500
173,1235
173,1201
173,1653
173,1616
173,1449
174,814
174,1594
174,1482
174,1189
174,1536
174,1458
174,1467
174,22
174,1063
174,318
175,1189
175,1449
175,318
175,22
175,174
175,143
175,427
175,969
175,814
175,966
176,1189
176,1449
176,814
176,1500
176,1536
176,169
176,127
176,408
176,851
176,1653
177,1189
177,1467
177,814
177,1599
177,1449
177,1653
177,1536
177,169
177,1500
177,408
178,1189
178,1467
178,814
178,1653
178,1599
178,1449
178,1398
178,1536
178,1500
178,169
179,1536
179,1599
179,1189
179,1293
179,1064
179,1650
179,1398
179,1201
179,1235
179,1525
180,814
180,1189
180,1599
180,1467
180,1500
180,1398
180,1653
180,1533
180,1201
180,1235
181,64
181,22
181,318
181,174
181,50
181,12
181,98
181,169
181,172
181,79
182,1653
182,1467
182,814
182,1189
182,1599
182,1452
182,1398
182,1536
182,1449
182,1122
183,1189
183,814
183,1599
183,1536
183,1122
183,1653
183,1130
183,1449
183,1467
183,1398
184,814
184,1189
184,1467
184,1653
184,1500
184,1599
184,1122
184,1201
184,1449
184,1536
185,1189
185,814
185,1467
185,1449
185,1653
185,1500
185,1064
185,408
185,1536
185,169
186,814
186,1189
186,1467
186,1449
186,1653
186,1500
186,1398
186,22
186,64
186,1599
187,1189
187,1467
187,814
187,1653
187,1449
187,1599
187,1500
187,1201
187,1594
187,1122
188,1189
188,814
188,1467
188,1653
188,1599
188,1536
188,1449
188,1122
188,1064
188,1500
189,1189
189,814
189,1467
189,1599
189,1653
189,1482
189,851
189,1449
189,1130
189,1235
190,1467
190,1189
190,1449
190,64
190,814
190,169
190,50
190,1536
190,174
190,318
191,1189
191,814
191,1467
191,1449
191,1653
191,1500
191,1599
191,851
191,1452
191,1201
192,1467
192,814
192,1189
192,1500
192,1449
192,1599
192,1653
192,851
192,1450
192,1625
193,1189
193,814
193,1201
193,851
193,1500
193,1449
193,1594
193,1467
193,1599
193,1616
194,1189
194,814
194,1467
194,1449
194,169
194,408
194,114
194,480
194,603
194,1536
195,1189
195,1449
195,1467
195,64
195,318
195,1536
195,22
195,98
195,50
195,408
196,1189
196,1536
196,814
196,1599
196,1122
196,1449
196,1467
196,1130
196,1500
196,1201
197,64
197,318
197,1189
197,814
197,169
197,1449
197,496
197,98
197,408
197,1467
198,1189
198,814
198,1467
198,1653
198,1599
198,1536
198,1449
198,1500
198,408
198,169
199,1189
199,814
199,851
199,98
199,474
199,119
199,127
199,1449
199,89
199,169
200,1189
200,814
200,1467
200,1653
200,1599
200,1122
200,1500
200,1449
200,1398
200,1536
201,1189
201,1467
201,1452
201,814
201,1653
201,1599
201,1130
201,1449
201,320
201,1500
202,1653
202,1599
202,1398
202,1201
202,1525
202,1500
202,1650
202,1122
202,867
202,1594
203,1189
203,1467
203,1653
203,814
203,1500
203,1449
203,1599
203,1536
203,1201
203,1122
204,1189
204,1512
204,814
204,1536
204,1616
204,1482
204,851
204,1452
204,1463
204,1533
205,1189
205,1599
205,1467
205,814
205,64
205,1449
205,318
205,169
205,22
205,1536
206,64
206,50
206,12
206,127
206,98
206,169
206,114
206,174
206,56
206,42
207,1189
207,1599
207,1653
207,814
207,1467
207,1122
207,1536
207,1500
207,1449
207,1594
208,1189
208,814
208,1201
208,1599
208,1653
208,1467
208,1594
208,1536
208,1616
208,1500
209,1467
209,814
209,1189
209,1653
209,851
209,1130
209,320
209,1449
209,169
209,1500
210,1189
210,814
210,1467
210,1449
210,1653
210,169
210,1599
210,1500
210,1536
210,408
211,1189
211,1653
211,1536
211,1500
211,1467
211,814
211,1449
211,1122
211,1642
211,851
212,1594
212,1201
212,814
212,1189
212,1536
212,1443
212,1449
212,1653
212,1122
212,1599
213,1189
213,814
213,1449
213,1467
213,1599
213,1653
213,169
213,408
213,1536
213,89
214,1189
214,814
214,1599
214,1653
214,1467
214,1500
214,1122
214,851
214,1201
214,1536
215,814
215,1189
215,1467
215,1653
215,1449
215,1500
215,1599
215,851
215,1201
215,1536
216,1189
216,1467
216,814
216,1599
216,1449
216,1500
216,127
216,851
216,89
216,114
217,1189
217,1449
217,1536
217,318
217,64
217,169
217,12
217,1467
217,98
217,89
218,1189
218,814
218,1467
218,1599
218,1500
218,851
218,1122
218,1653
218,1616
218,1594
219,814
219,1189
219,1536
219,1467
219,1482
219,1616
219,1599
219,1450
219,1500
219,851
220,1653
220,1189
220,1536
220,1467
220,1064
220,1594
220,1122
220,1449
220,1125
220,1516
221,1467
221,1189
221,814
221,1653
221,1500
221,1449
221,1599
221,851
221,1536
221,169
222,1189
222,814
222,1467
222,1449
222,169
222,1599
222,408
222,1500
222,114
222,1536
223,1467
223,814
223,1449
223,1189
223,1599
223,1536
223,64
223,174
223,50
223,966
224,64
224,1189
224,174
224,966
224,143
224,496
224,265
224,71
224,50
224,79
225,1189
225,814
225,1467
225,1653
225,1449
225,1500
225,408
225,1536
225,127
225,169
226,1189
226,1467
226,814
226,1599
226,1449
226,64
226,1653
226,318
226,22
226,1536
227,814
227,1189
227,1467
227,1599
227,1653
227,1500
227,1452
227,1594
227,1616
227,1122
228,1536
228,1122
228,1467
228,1321
228,1443
228,1064
228,1594
228,1189
228,1398
228,1653
229,1500
229,1536
229,1450
229,1293
229,1189
229,1064
229,1642
229,1235
229,1122
229,1482
230,1189
230,814
230,1653
230,1599
230,1536
230,1201
230,1122
230,1594
230,1467
230,1449
231,1599
231,1189
231,1653
231,1122
231,814
231,1616
231,1467
231,1594
231,1064
231,1201
232,1189
232,814
232,1599
232,851
232,1467
232,1449
232,1500
232,1536
232,1201
232,169
233,1189
233,814
233,1653
233,1599
233,1467
233,1122
233,1536
233,1201
233,1594
233,1500
234,1189
234,814
234,1467
234,1653
234,1599
234,1500
234,1536
234,1482
234,1616
234,1201
235,1189
235,814
235,1599
235,1467
235,851
235,1653
235,1500
235,1130
235,1122
235,1616
236,1189
236,814
236,1653
236,1467
236,1599
236,1500
236,1122
236,1594
236,1616
236,1201
237,814
237,1189
237,1467
237,1653
237,1500
237,1599
237,1235
237,1594
237,1201
237,1122
238,1189
238,1599
238,1467
238,1064
238,1449
238,1536
238,1653
238,1293
238,1122
238,814
239,1189
239,1599
239,814
239,851
239,1201
239,1122
239,1653
239,1500
239,1130
239,1482
240,1467
240,1449
240,1189
240,1293
240,1536
240,1122
240,127
240,169
240,98
240,1064
241,1189
241,814
241,1449
241,1467
241,1201
241,1653
241,1122
241,1594
241,1482
241,1064
242,1653
242,1594
242,814
242,1599
242,1616
242,1235
242,1201
242,1189
242,1122
242,1536
243,1189
243,814
243,1449
243,169
243,1467
243,1122
243,1536
243,408
243,64
243,98
244,1189
244,1599
244,814
244,1449
244,1536
244,1500
244,1201
244,1594
244,1653
244,1122
245,1189
245,1653
245,1122
245,1616
245,1201
245,1599
245,1525
245,1467
245,1594
245,814
246,408
246,169
246,127
246,114
246,1189
246,119
246,89
246,814
246,64
246,474
247,1189
247,814
247,1599
247,1653
247,1201
247,1467
247,1500
247,1536
247,1398
247,851
248,1467
248,1189
248,1653
248,814
248,1599
248,1536
248,1500
248,1452
248,1122
248,853
249,1189
249,814
249,1467
249,1500
249,1599
249,1653
249,1616
249,1536
249,1449
249,851
250,814
250,1189
250,1500
250,1653
250,1599
250,1122
250,1536
250,1130
250,1533
250,1467
251,1189
251,814
251,1449
251,1467
251,408
251,127
251,169
251,318
251,98
251,1500
252,1189
252,1467
252,814
252,1449
252,1122
252,127
252,1536
252,1130
252,1500
252,1599
253,1189
253,814
253,1467
253,1449
253,1599
253,1653
253,1536
253,174
253,169
253,1122
254,1189
254,814
254,1653
254,1467
254,1449
254,1599
254,318
254,1398
254,169
254,966
255,127
255,64
255,12
255,50
255,1449
255,114
255,169
255,1142
255,318
255,357
256,1189
256,814
256,1467
256,1653
256,1599
256,1500
256,1122
256,1201
256,1235
256,1594
257,814
257,1189
257,1467
257,1599
257,1449
257,169
257,127
257,408
257,851
257,89
258,1599
258,1189
258,1467
258,1653
258,1594
258,814
258,22
258,1449
258,1064
258,318
259,1189
259,814
259,1467
259,1653
259,1599
259,1500
259,851
259,1122
259,1536
259,1449
260,814
260,1235
260,1616
260,1500
260,1653
260,1645
260,1599
260,1450
260,1533
260,1625
261,1189
261,814
261,1467
261,1653
261,1122
261,1616
261,851
261,1625
261,1064
261,1599
262,1189
262,814
262,1653
262,1599
262,1467
262,1500
262,1122
262,1201
262,1594
262,1536
263,1189
263,814
263,1467
263,1653
263,1536
263,1599
263,851
263,1130
263,1594
263,1064
264,169
264,408
264,50
264,127
264,64
264,89
264,114
264,174
264,318
264,357
265,1467
265,1189
265,1122
265,64
265,1536
265,1449
265,22
265,318
265,814
265,1599
266,1467
266,1189
266,1500
266,814
266,1653
266,1449
266,1452
266,1616
266,1594
266,408
267,1189
267,814
267,1467
267,1449
267,318
267,357
267,178
267,603
267,657
267,511
268,1189
268,814
268,1449
268,1467
268,64
268,318
268,1536
268,603
268,511
268,589
269,1189
269,814
269,851
269,1467
269,1500
269,1625
269,119
269,1452
269,1201
269,1599
270,814
270,1653
270,1467
270,1189
270,1500
270,1122
270,1594
270,1642
270,1064
270,1536
271,1189
271,408
271,1449
271,114
271,814
271,1467
271,483
271,513
271,316
271,589
272,1189
272,1467
272,814
272,1449
272,169
272,408
272,64
272,1500
272,89
272,114
273,814
273,1467
273,1189
273,1653
273,1599
273,1122
273,1500
273,1625
273,851
273,1130
274,1189
274,1467
274,814
274,1449
274,1599
274,1653
274,169
274,1500
274,1594
274,1536
275,1189
275,1467
275,1653
275,1599
275,814
275,1500
275,1122
275,1449
275,1201
275,1398
276,1189
276,1449
276,114
276,178
276,1467
276,657
276,480
276,515
276,511
276,191
277,1189
277,1536
277,1449
277,814
277,1467
277,1653
277,64
277,1500
277,1122
277,318
278,1189
278,1467
278,1653
278,1599
278,1536
278,814
278,1449
278,1122
278,1064
278,1293
279,1653
279,814
279,1467
279,1122
279,1642
279,1189
279,1398
279,1201
279,1191
279,1449
280,1189
280,814
280,1653
280,1467
280,1599
280,1500
280,1122
280,1201
280,1536
280,1642
281,1467
281,1449
281,1653
281,1536
281,1368
281,814
281,318
281,64
281,113
281,1189
282,1189
282,1653
282,814
282,1122
282,1599
282,1467
282,1452
282,1130
282,1616
282,1516
283,1467
283,1189
283,1449
283,814
283,1653
283,1500
283,1201
283,1599
283,169
283,851
284,1189
284,814
284,1467
284,1449
284,1201
284,1500
284,1653
284,851
284,1599
284,169
285,1653
285,1189
285,1467
285,1599
285,1536
285,814
285,1500
285,1449
285,1201
285,1122
286,1467
286,1594
286,814
286,1500
286,1189
286,1653
286,1482
286,1536
286,1122
286,1616
287,1189
287,1467
287,814
287,1449
287,169
287,318
287,1536
287,89
287,12
287,114
288,1189
288,814
288,1449
288,851
288,1536
288,1467
288,1064
288,1500
288,1594
288,1452
289,814
289,1653
289,1467
289,1599
289,1500
289,1536
289,1189
289,1122
289,1398
289,1616
290,1599
290,1189
290,1467
290,1653
290,814
290,1122
290,1449
290,1536
290,1398
290,1201
291,1189
291,814
291,1449
291,169
291,1467
291,127
291,408
291,114
291,318
291,1536
292,1189
292,814
292,1467
292,1653
292,1599
292,1449
292,1500
292,1536
292,851
292,1122
293,1189
293,814
293,1467
293,1536
293,1449
293,851
293,1500
293,1130
293,1599
293,408
294,1189
294,1449
294,64
294,1467
294,318
294,169
294,12
294,98
294,408
294,174
295,1189
295,814
295,1467
295,1653
295,1599
295,1500
295,1122
295,1201
295,1594
295,1449
296,1189
296,814
296,1449
296,851
296,1536
296,1594
296,1467
296,1500
296,1130
296,408
297,1189
297,1467
297,1449
297,814
297,1536
297,318
297,169
297,64
297,408
297,1599
298,1189
298,1467
298,814
298,1653
298,1449
298,1599
298,1536
298,1122
298,64
298,1500
299,1189
299,814
299,1467
299,1653
299,1500
299,1599
299,1201
299,1449
299,1594
299,1122
300,1122
300,814
300,1653
300,1201
300,1594
300,1189
300,1500
300,1616
300,1625
300,1536
301,1467
301,1189
301,1653
301,814
301,1599
301,1449
301,1122
301,1500
301,1536
301,169
302,814
302,1467
302,1189
302,1449
302,1500
302,119
302,1122
302,1599
302,1536
302,1201
303,169
303,1189
303,178
303,89
303,114
303,511
303,657
303,515
303,192
303,180
304,1599
304,1189
304,814
304,1467
304,1653
304,1500
304,1398
304,22
304,1122
304,1449
305,1467
305,1189
305,814
305,1449
305,1653
305,1599
305,1122
305,1201
305,851
305,1500
306,1189
306,1500
306,814
306,1594
306,1653
306,1536
306,1599
306,1467
306,1616
306,1625
307,814
307,1189
307,1467
307,1653
307,1599
307,1201
307,1500
307,1482
307,1449
307,1594
308,1189
308,814
308,1653
308,1467
308,1599
308,1500
308,1536
308,1122
308,1449
308,1201
309,1599
309,1122
309,814
309,1189
309,1467
309,169
309,1616
309,64
309,89
309,1500
310,408
310,1449
310,1189
310,1130
310,814
310,318
310,969
310,1064
310,178
310,427
311,814
311,1189
311,1653
311,1467
311,1599
311,1500
311,1594
311,1122
311,1536
311,1201
312,1189
312,814
312,1467
312,1536
312,1449
312,1599
312,1653
312,1122
312,1500
312,851
313,1449
313,169
313,1189
313,1467
313,12
313,814
313,408
313,513
313,589
313,641
314,1189
314,1536
314,1467
314,1599
314,1122
314,814
314,1653
314,1443
314,1449
314,1235
315,1189
315,814
315,1599
315,1467
315,851
315,1653
315,1482
315,1449
315,1500
315,1201
316,1189
316,1616
316,1599
316,814
316,1594
316,1625
316,1201
316,1235
316,1482
316,1536
317,1189
317,1653
317,1599
317,814
317,1536
317,1500
317,1505
317,1482
317,1650
317,1467
318,814
318,1189
318,1467
318,1653
318,1599
318,1500
318,1536
318,1449
318,1201
318,1594
319,814
319,1653
319,1189
319,1467
319,1500
319,1201
319,1122
319,1599
319,1594
319,1398
320,1467
320,814
320,1189
320,1599
320,1653
320,1536
320,1449
320,1122
320,1500
320,64
321,814
321,1189
321,1467
321,1653
321,1599
321,1122
321,1500
321,1536
321,1201
321,1449
322,1189
322,814
322,1500
322,1653
322,1467
322,1599
322,851
322,1449
322,1064
322,1398
323,1189
323,1467
323,814
323,1536
323,1449
323,1599
323,169
323,408
323,1653
323,318
324,1189
324,1467
324,1536
324,814
324,1122
324,1599
324,1653
324,1594
324,1449
324,1443
325,814
325,1189
325,1467
325,1653
325,1500
325,1201
325,851
325,1122
325,1625
325,1616
326,814
326,1467
326,1189
326,1653
326,1599
326,1398
326,1449
326,1201
326,1500
326,1122
327,1189
327,814
327,1500
327,1653
327,1599
327,1536
327,851
327,1616
327,1467
327,1122
328,1189
328,814
328,1467
328,1449
328,1599
328,1653
328,851
328,1536
328,1122
328,169
329,1189
329,814
329,1467
329,1599
329,1500
329,1449
329,1653
329,851
329,1201
329,1594
330,1189
330,1599
330,1653
330,814
330,1467
330,1536
330,1122
330,1500
330,1398
330,1594
331,1189
331,1536
331,814
331,1482
331,1653
331,1201
331,1449
331,1599
331,1594
331,1642
332,1189
332,1467
332,1599
332,1449
332,1653
332,169
332,814
332,318
332,114
332,1536
333,814
333,1599
333,1189
333,1653
333,1201
333,1467
333,1594
333,1449
333,1122
333,1398
334,1189
334,814
334,1467
334,1599
334,851
334,1500
334,1653
334,1536
334,1201
334,1616
335,814
335,1189
335,1467
335,1653
335,851
335,1500
335,1449
335,1122
335,1536
335,1625
336,98
336,64
336,127
336,12
336,169
336,89
336,114
336,318
336,357
336,22
337,1189
337,1536
337,814
337,1599
337,1467
337,1653
337,1201
337,1482
337,1594
337,1398
338,814
338,1189
338,1500
338,1201
338,1467
338,1599
338,851
338,1653
338,1594
338,1616
339,1189
339,814
339,1467
339,1449
339,1599
339,851
339,1536
339,408
339,1500
339,119
340,22
340,1536
340,966
340,64
340,313
340,496
340,318
340,1443
340,1467
340,1189
341,1653
341,1189
341,1594
341,1536
341,1482
341,814
341,1500
341,1122
341,1616
341,1201
342,1653
342,1467
342,1189
342,1130
342,814
342,1500
342,1293
342,1449
342,1599
342,1482
343,1189
343,814
343,1467
343,1449
343,1500
343,1599
343,1653
343,1594
343,1201
343,119
344,1189
344,814
344,1449
344,1467
344,114
344,480
344,474
344,318
344,178
344,603
345,1189
345,814
345,1449
345,1467
345,1599
345,1653
345,1536
345,169
345,408
345,1500
346,814
346,1467
346,1189
346,1449
346,1653
346,169
346,1500
346,408
346,114
346,480
347,64
347,1449
347,169
347,408
347,480
347,89
347,114
347,603
347,1189
347,178
348,1653
348,1467
348,1599
348,1189
348,814
348,1500
348,1122
348,1536
348,1064
348,1398
349,1189
349,814
349,1536
349,1599
349,1467
349,851
349,1594
349,1500
349,1449
349,1235
350,1189
350,814
350,1467
350,1449
350,1653
350,851
350,1599
350,1536
350,1500
350,1122
351,1599
351,814
351,1467
351,1616
351,1235
351,1653
351,1122
351,1189
351,1500
351,1594
352,1189
352,1653
352,1536
352,1599
352,1467
352,814
352,1449
352,1398
352,1594
352,1122
353,1189
353,1467
353,1064
353,814
353,1536
353,1594
353,1599
353,1449
353,851
353,408
354,814
354,1189
354,1653
354,1599
354,1500
354,1122
354,1467
354,1616
354,1201
354,1594
355,1189
355,814
355,1467
355,1653
355,1201
355,1599
355,1122
355,1500
355,1642
355,1594
356,1599
356,1189
356,814
356,1500
356,1064
356,1122
356,1235
356,1449
356,64
356,1467
357,1189
357,1467
357,814
357,1599
357,1653
357,1536
357,1449
357,1201
357,64
357,1500
358,1189
358,1599
358,1235
358,814
358,1653
358,1130
358,1201
358,1467
358,1122
358,1642
359,1189
359,814
359,1467
359,1599
359,1653
359,851
359,1500
359,1201
359,1449
359,1122
360,1189
360,814
360,1467
360,1500
360,1653
360,1599
360,1122
360,851
360,1449
360,1201
361,1189
361,814
361,1467
361,1449
361,1653
361,851
361,1500
361,1599
361,1130
361,1122
362,1189
362,1599
362,1536
362,1500
362,814
362,1594
362,1653
362,1467
362,1398
362,1449
363,1467
363,64
363,814
363,318
363,613
363,113
363,1449
363,515
363,357
363,480
364,1189
364,1599
364,1536
364,1201
364,1235
364,1653
364,814
364,1467
364,1594
364,1482
365,1189
365,814
365,1449
365,1467
365,1500
365,1130
365,127
365,1536
365,98
365,1293
366,1189
366,1653
366,814
366,1599
366,1536
366,1500
366,1467
366,1449
366,1122
366,1201
367,1189
367,1599
367,1653
367,1467
367,814
367,1449
367,1536
367,1122
367,169
367,1500
368,1653
368,1599
368,814
368,1467
368,1189
368,1235
368,1122
368,1500
368,851
368,1064
369,1467
369,814
369,1599
369,1189
369,1449
369,1616
369,1653
369,1500
369,64
369,318
370,1189
370,1467
370,814
370,1500
370,1201
370,1449
370,1594
370,1536
370,1653
370,1064
371,1189
371,1467
371,814
371,1536
371,1653
371,1599
371,1449
371,318
371,1122
371,1398
372,1467
372,1189
372,814
372,1599
372,1653
372,1536
372,1064
372,1449
372,1500
372,1398
373,1467
373,1189
373,814
373,1599
373,1449
373,1653
373,1536
373,408
373,1500
373,1594
374,1189
374,814
374,1398
374,1653
374,1449
374,1536
374,22
374,313
374,1122
374,1467
375,1467
375,1189
375,64
375,1653
375,318
375,814
375,1449
375,22
375,174
375,50
376,1189
376,814
376,1653
376,1599
376,1467
376,1536
376,1500
376,1122
376,1594
376,1201
377,1189
377,814
377,1467
377,1653
377,1536
377,1449
377,64
377,169
377,318
377,1599
378,1189
378,814
378,1467
378,1599
378,1449
378,1536
378,1653
378,1122
378,169
378,851
379,1189
379,1449
379,318
379,408
379,169
379,814
379,22
379,657
379,114
379,515
380,1189
380,814
380,1467
380,1599
380,169
380,408
380,1536
380,851
380,1122
380,127
381,1467
381,1189
381,814
381,1449
381,408
381,851
381,169
381,1500
381,1482
381,1653
382,814
382,1599
382,1189
382,1467
382,1653
382,1500
382,1235
382,1533
382,1450
382,1536
383,1189
383,814
383,1467
383,1449
383,1536
383,1500
383,1653
383,408
383,851
383,169
384,814
384,1189
384,1599
384,1467
384,1653
384,1122
384,1616
384,1500
384,1594
384,1201
385,814
385,1189
385,1599
385,1201
385,1500
385,1616
385,1653
385,1482
385,1235
385,1122
386,1189
386,814
386,1467
386,1599
386,1653
386,1235
386,1616
386,1064
386,1500
386,1536
387,1467
387,1189
387,814
387,1599
387,1653
387,851
387,1452
387,1500
387,119
387,1625
388,1467
388,814
388,1189
388,1653
388,1599
388,1122
388,1536
388,1594
388,1398
388,1235
389,814
389,1189
389,1467
389,1599
389,1122
389,1653
389,1449
389,1536
389,1500
389,851
390,1653
390,1599
390,1189
390,1398
390,814
390,1201
390,1500
390,1467
390,1122
390,1064
391,1189
391,814
391,1467
391,1449
391,1500
391,408
391,169
391,1536
391,178
391,851
392,1189
392,408
392,814
392,318
392,1449
392,64
392,357
392,427
392,480
392,89
393,1653
393,1189
393,1467
393,814
393,1599
393,1122
393,1201
393,1500
393,1536
393,1449
394,814
394,1189
394,1467
394,1599
394,1653
394,1536
394,1449
394,851
394,1500
394,169
395,1189
395,814
395,1467
395,1599
395,1653
395,1500
395,1594
395,851
395,1201
395,1449
396,814
396,1189
396,1653
396,1599
396,1122
396,1467
396,1398
396,1500
396,1235
396,1536
397,98
397,408
397,1142
397,64
397,169
397,511
397,114
397,89
397,427
397,603
398,1189
398,814
398,1599
398,1467
398,1653
398,1122
398,1594
398,1201
398,1500
398,1536
399,1189
399,814
399,1653
399,1599
399,1467
399,1201
399,1122
399,1449
399,1500
399,851
400,1189
400,1653
400,1122
400,1599
400,814
400,1398
400,1467
400,1500
400,1201
400,1130
401,1599
401,1189
401,814
401,1653
401,1201
401,1594
401,1536
401,1467
401,1235
401,1500
402,1189
402,814
402,1653
402,1467
402,1449
402,1536
402,1500
402,169
402,318
402,64
403,1201
403,1189
403,814
403,1449
403,22
403,1594
403,1599
403,64
403,1467
403,169
404,1467
404,1653
404,1189
404,64
404,814
404,1599
404,169
404,1449
404,174
404,1536
405,496
405,966
405,272
405,408
405,1449
405,144
405,483
405,114
405,963
405,478
406,1189
406,1467
406,814
406,1653
406,1599
406,1122
406,1536
406,1449
406,1500
406,851
407,1189
407,64
407,1449
407,318
407,12
407,1467
407,114
407,22
407,480
407,814
408,1189
408,1467
408,1653
408,814
408,1599
408,1650
408,1536
408,169
408,1449
408,1293
409,1189
409,814
409,1467
409,1201
409,1599
409,1500
409,851
409,1536
409,1452
409,1594
410,1653
410,1536
410,1467
410,1189
410,1122
410,814
410,1599
410,1594
410,1064
410,1516
411,1189
411,1467
411,814
411,1449
411,64
411,169
411,1653
411,408
411,12
411,1599
412,1467
412,1189
412,1653
412,814
412,1449
412,1500
412,1122
412,1599
412,1398
412,1064
413,1189
413,814
413,1616
413,1653
413,1130
413,1467
413,1599
413,1201
413,1594
413,1500
414,1189
414,814
414,1536
414,408
414,127
414,1449
414,98
414,169
414,114
414,1467
415,1189
415,814
415,1467
415,1500
415,1599
415,1449
415,1653
415,1201
415,1536
415,851
416,1599
416,814
416,1500
416,1653
416,1467
416,1064
416,1536
416,1449
416,1201
416,1122
417,1467
417,1189
417,814
417,1449
417,22
417,318
417,408
417,1653
417,114
417,1536
418,1122
418,1653
418,1536
418,1599
418,1398
418,1189
418,1064
418,1594
418,1467
418,1639
419,1189
419,814
419,1467
419,1449
419,1500
419,1653
419,1536
419,408
419,1201
419,1122
420,1189
420,814
420,1599
420,1467
420,851
420,1653
420,1616
420,1500
420,1594
420,1235
421,1189
421,1467
421,814
421,1599
421,1653
421,1536
421,1449
421,1500
421,1398
421,1122
422,1189
422,1467
422,1449
422,169
422,64
422,318
422,1599
422,89
422,357
422,408
423,1189
423,814
423,1536
423,1594
423,1467
423,1500
423,1599
423,1122
423,1449
423,1064
424,1599
424,1189
424,1616
424,1201
424,1653
424,1235
424,814
424,1080
424,1467
424,1594
425,1189
425,814
425,1467
425,1500
425,1599
425,1653
425,1536
425,1449
425,1201
425,851
426,1189
426,814
426,1467
426,1449
426,1536
426,1599
426,169
426,1653
426,408
426,851
427,814
427,1653
427,1599
427,1467
427,1189
427,1122
427,1594
427,1235
427,1201
427,1450
428,1653
428,814
428,1467
428,1189
428,1599
428,1594
428,1500
428,1449
428,1536
428,1398
429,169
429,408
429,1449
429,1189
429,1467
429,657
429,187
429,515
429,474
429,513
430,1189
430,814
430,1599
430,1467
430,1130
430,1653
430,1500
430,1122
430,1536
430,1505
431,1189
431,1653
431,1467
431,1599
431,814
431,1201
431,1594
431,1122
431,1616
431,1536
432,1189
432,1449
432,64
432,1536
432,1467
432,814
432,318
432,22
432,98
432,1653
433,1189
433,127
433,408
433,814
433,169
433,114
433,1142
433,98
433,511
433,357
434,1653
434,1122
434,1536
434,1599
434,1189
434,1235
434,1516
434,1269
434,1398
434,1293
435,1189
435,1467
435,814
435,1599
435,1500
435,1449
435,1616
435,1594
435,1653
435,1201
436,1189
436,1653
436,1467
436,1449
436,1500
436,64
436,22
436,814
436,1599
436,169
437,1189
437,814
437,1130
437,1482
437,1201
437,851
437,1449
437,1653
437,1505
437,408
438,814
438,1653
438,1189
438,1467
438,1599
438,1398
438,1235
438,1500
438,1122
438,1594
439,1189
439,814
439,1653
439,1599
439,1616
439,1594
439,1467
439,1500
439,1201
439,1122
440,1467
440,1500
440,814
440,1594
440,1536
440,1201
440,1653
440,1189
440,1616
440,1122
441,1189
441,1599
441,814
441,1467
441,1653
441,851
441,1449
441,1500
441,169
441,1122
442,814
442,1189
442,1467
442,1599
442,1500
442,1653
442,851
442,1536
442,1449
442,1616
443,1189
443,1467
443,1599
443,1616
443,1064
443,1594
443,1130
443,1080
443,1452
443,1201
444,814
444,1189
444,1449
444,1653
444,1500
444,408
444,851
444,1467
444,169
444,64
445,1189
445,1536
445,814
445,1449
445,1467
445,1130
445,851
445,1599
445,169
445,1653
446,814
446,1189
446,408
446,1449
446,1398
446,169
446,64
446,1653
446,318
446,50
447,814
447,1189
447,1467
447,1653
447,1500
447,1449
447,1599
447,851
447,1064
447,1201
448,1463
448,1189
448,1482
448,1625
448,1510
448,814
448,1130
448,851
448,1599
448,1616
449,814
449,1189
449,1201
449,1500
449,1599
449,1616
449,1653
449,1467
449,1452
449,851
450,1189
450,1536
450,814
450,1467
450,1449
450,1653
450,1599
450,1500
450,1201
450,1594
451,22
451,64
451,174
451,50
451,12
451,169
451,313
451,195
451,172
451,96
452,1189
452,1467
452,814
452,1449
452,169
452,851
452,12
452,408
452,114
452,1599
453,169
453,114
453,408
453,64
453,127
453,89
453,1189
453,1449
453,1467
453,178
454,1467
454,1189
454,1653
454,814
454,1449
454,1599
454,966
454,1536
454,1122
454,265
455,1189
455,814
455,1467
455,1653
455,1599
455,1449
455,1500
455,1122
455,1536
455,851
456,1189
456,814
456,1467
456,1599
456,1653
456,1500
456,851
456,1122
456,1201
456,1536
457,1189
457,814
457,1467
457,1599
457,1449
457,1536
457,1500
457,851
457,1653
457,408
458,1189
458,814
458,1449
458,1467
458,1500
458,1653
458,114
458,89
458,119
458,511
459,1653
459,1467
459,1599
459,1189
459,814
459,1616
459,1064
459,1122
459,1398
459,1500
460,814
460,1189
460,1467
460,1449
460,1599
460,851
460,408
460,119
460,169
460,1500
461,814
461,1189
461,1653
461,1201
461,1500
461,1599
461,1467
461,1122
461,1616
461,1235
462,1653
462,1064
462,1189
462,1398
462,64
462,1599
462,1594
462,318
462,1104
462,1500
463,814
463,1536
463,1449
463,1500
463,1189
463,408
463,169
463,1398
463,1594
463,1653
464,1189
464,814
464,1467
464,169
464,1449
464,1599
464,408
464,64
464,318
464,1653
465,1189
465,1467
465,814
465,1449
465,1599
465,89
465,1653
465,657
465,515
465,178
466,814
466,1189
466,1467
466,1653
466,1599
466,1500
466,1533
466,1616
466,1235
466,1122
467,1653
467,1189
467,814
467,1467
467,1449
467,1536
467,1500
467,851
467,408
467,169
468,1189
468,814
468,1449
468,408
468,169
468,1467
468,1536
468,480
468,657
468,114
469,1189
469,814
469,1599
469,1467
469,1653
469,851
469,1500
469,1130
469,1201
469,1122
470,1449
470,1189
470,64
470,318
470,98
470,22
470,169
470,174
470,12
470,127
471,1653
471,1235
471,1599
471,1201
471,1189
471,1525
471,1616
471,1645
471,1358
471,1594
472,1599
472,1467
472,1653
472,814
472,1189
472,1500
472,1201
472,1122
472,1235
472,1616
473,1189
473,1449
473,814
473,1467
473,1500
473,1536
473,1201
473,1594
473,64
473,169
474,1189
474,814
474,1467
474,1653
474,1599
474,1449
474,851
474,1500
474,1536
474,1594
475,814
475,1467
475,1653
475,1189
475,1449
475,1599
475,1452
475,1536
475,1613
475,1674
476,1467
476,1449
476,1189
476,64
476,1653
476,169
476,814
476,408
476,1500
476,12
477,1653
477,814
477,1599
477,1189
477,1467
477,1500
477,1122
477,1201
477,1616
477,1398
478,1189
478,127
478,1449
478,408
478,169
478,515
478,480
478,603
478,191
478,657
479,814
479,1189
479,1467
479,1500
479,1449
479,114
479,1653
479,64
479,98
479,12
480,814
480,1189
480,1653
480,1467
480,1599
480,1500
480,851
480,1201
480,1594
480,1616
481,814
481,1189
481,1653
481,1467
481,1599
481,1500
481,1201
481,851
481,1594
481,1398
482,1653
482,814
482,1467
482,1599
482,1189
482,1500
482,1398
482,1201
482,1122
482,1536
483,814
483,1653
483,1599
483,1189
483,1201
483,1467
483,1122
483,1616
483,1500
483,1398
484,1189
484,814
484,1467
484,64
484,1449
484,1653
484,169
484,1599
484,408
484,12
485,814
485,1189
485,1533
485,1450
485,1653
485,1500
485,1599
485,1625
485,1467
485,1536
486,1189
486,814
486,1653
486,1467
486,1599
486,1201
486,1594
486,1500
486,1130
486,1122
487,814
487,1189
487,1599
487,1653
487,1536
487,1467
487,1122
487,1594
487,1500
487,1398
488,1653
488,814
488,1189
488,1599
488,1467
488,1500
488,1201
488,1449
488,1536
488,1398
489,1599
489,1235
489,814
489,1189
489,1467
489,851
489,1080
489,1653
489,1616
489,1500
490,1653
490,1189
490,814
490,1500
490,1467
490,1599
490,1201
490,1452
490,1482
490,851
491,1189
491,814
491,1500
491,1536
491,851
491,1467
491,1594
491,1616
491,1653
491,1449
492,169
492,12
492,1449
492,98
492,22
492,89
492,114
492,408
492,174
492,357
493,64
493,169
493,408
493,313
493,1189
493,814
493,114
493,1599
493,1467
493,480
494,1189
494,1449
494,22
494,318
494,12
494,169
494,1536
494,408
494,1467
494,313
495,814
495,1653
495,1189
495,1467
495,1500
495,1599
495,1594
495,1201
495,1536
495,1482
496,1467
496,1599
496,1189
496,1653
496,1500
496,814
496,1122
496,1240
496,119
496,1449
497,1467
497,814
497,1189
497,1449
497,1653
497,1599
497,64
497,1536
497,1500
497,318
498,1189
498,814
498,1653
498,1467
498,1500
498,1599
498,851
498,1536
498,1122
498,1449
499,1189
499,814
499,1449
499,1467
499,1594
499,1653
499,1500
499,851
499,169
499,408
500,814
500,1467
500,1189
500,1500
500,169
500,1625
500,1599
500,1653
500,408
500,851
501,1189
501,1467
501,814
501,1599
501,1653
501,1122
501,1500
501,1449
501,851
501,1536
502,1467
502,1599
502,1189
502,1293
502,1653
502,320
502,169
502,1122
502,814
502,1449
503,814
503,1189
503,1467
503,1653
503,1130
503,1449
503,1122
503,1599
503,1498
503,1452
504,1189
504,814
504,1467
504,1653
504,1599
504,1449
504,1536
504,1500
504,1122
504,1398
505,1189
505,814
505,1467
505,1653
505,1536
505,1599
505,1449
505,1122
505,1500
505,1594
506,22
506,64
506,318
506,814
506,1189
506,98
506,169
506,313
506,1449
506,480
507,1599
507,1653
507,1467
507,814
507,1189
507,1122
507,1235
507,1500
507,1398
507,1450
508,1189
508,814
508,1467
508,1653
508,851
508,1500
508,1599
508,1130
508,1122
508,1625
509,1189
509,1536
509,1498
509,853
509,1599
509,1293
509,814
509,1467
509,119
509,1122
510,1653
510,1467
510,22
510,1064
510,1189
510,1398
510,64
510,1599
510,318
510,174
511,1189
511,1653
511,1594
511,1467
511,1536
511,814
511,1064
511,1201
511,1122
511,1636
512,1189
512,1467
512,814
512,1653
512,1594
512,1500
512,1536
512,1616
512,1122
512,1201
513,814
513,1653
513,1189
513,1599
513,1467
513,1201
513,1616
513,1398
513,1122
513,851
514,1189
514,1599
514,1653
514,1467
514,814
514,1536
514,1449
514,1201
514,1500
514,1398
515,1653
515,1189
515,1122
515,1599
515,814
515,1467
515,1398
515,1201
515,1500
515,1636
516,1189
516,814
516,1599
516,1201
516,1467
516,1653
516,1616
516,1122
516,1235
516,1594
517,1653
517,1616
517,1122
517,1599
517,1651
517,1189
517,1235
517,814
517,1201
517,1482
518,814
518,1189
518,22
518,1467
518,64
518,318
518,169
518,98
518,1599
518,174
519,814
519,1500
519,1189
519,1594
519,1625
519,1616
519,1623
519,1653
519,1122
519,1467
520,1594
520,1189
520,814
520,1616
520,1467
520,1201
520,1625
520,1536
520,1458
520,1500
521,1189
521,814
521,1467
521,1500
521,1599
521,1449
521,1653
521,1201
521,1122
521,169
522,1189
522,814
522,1467
522,1599
522,851
522,1653
522,1500
522,1449
522,1201
522,1536
523,814
523,1653
523,1189
523,1599
523,1467
523,1616
523,1122
523,1594
523,1201
523,1500
524,1653
524,1189
524,814
524,1500
524,1467
524,1599
524,1594
524,851
524,1122
524,1449
525,1189
525,814
525,1467
525,1536
525,1449
525,1594
525,1201
525,1653
525,169
525,64
526,1189
526,814
526,1130
526,1467
526,1653
526,1500
526,1599
526,1536
526,851
526,1498
527,1467
527,1189
527,1449
527,814
527,408
527,1653
527,89
527,114
527,98
527,480
528,1467
528,814
528,1189
528,1653
528,1500
528,1449
528,169
528,64
528,1599
528,408
529,1653
529,814
529,1467
529,1122
529,1500
529,1398
529,1189
529,1201
529,1449
529,64
530,1189
530,814
530,1467
530,1653
530,1599
530,1500
530,1536
530,1449
530,1122
530,1201
531,1616
531,851
531,1594
531,1467
531,1189
531,1201
531,814
531,1449
531,1500
531,1482
532,64
532,1449
532,174
532,169
532,113
532,1536
532,50
532,1653
532,408
532,966
533,1189
533,814
533,1467
533,1653
533,1449
533,1599
533,1201
533,1536
533,1594
533,1500
534,1467
534,1189
534,1653
534,814
534,1599
534,1449
534,1122
534,169
534,64
534,1450
535,1189
535,814
535,1653
535,1599
535,1467
535,1500
535,1122
535,1201
535,1449
535,1130
536,1467
536,814
536,1189
536,1653
536,1449
536,1536
536,1398
536,1500
536,1201
536,1599
537,1189
537,1467
537,1449
537,814
537,408
537,169
537,1653
537,1500
537,1536
537,1064
538,1189
538,814
538,1467
538,1653
538,1536
538,1599
538,1449
538,851
538,1122
538,1500
539,814
539,1189
539,1653
539,1201
539,1122
539,1599
539,1467
539,1594
539,1500
539,1536
540,1189
540,814
540,1467
540,1599
540,1653
540,1536
540,1449
540,1500
540,1122
540,851
541,64
541,318
541,98
541,22
541,12
541,169
541,1449
541,178
541,357
541,480
542,1189
542,814
542,1467
542,1449
542,1653
542,1599
542,1122
542,851
542,1536
542,169
543,1189
543,814
543,1653
543,1467
543,1599
543,1500
543,1536
543,1449
543,1122
543,1201
544,1189
544,814
544,1653
544,1616
544,1467
544,1482
544,1536
544,1500
544,1594
544,851
545,1653
545,1599
545,1467
545,1189
545,814
545,1500
545,1201
545,1122
545,1536
545,1449
546,814
546,1467
546,1653
546,1189
546,1450
546,1599
546,1500
546,1533
546,1398
546,1080
547,1189
547,814
547,1467
547,1449
547,1064
547,1500
547,851
547,1653
547,1599
547,1594
548,814
548,1653
548,1467
548,1189
548,1398
548,1500
548,1122
548,1536
548,1599
548,867
549,1189
549,1467
549,814
549,1653
549,1599
549,1536
549,1449
549,1122
549,1500
549,1398
550,1599
550,1467
550,814
550,1189
550,1653
550,1235
550,1500
550,1064
550,1536
550,1122
551,113
551,169
551,1536
551,1449
551,1467
551,1189
551,114
551,515
551,178
551,480
552,1189
552,814
552,1467
552,1599
552,1653
552,1449
552,1500
552,1536
552,1122
552,1594
553,1189
553,1467
553,814
553,1599
553,1449
553,1653
553,1536
553,169
553,1500
553,408
554,1189
554,1467
554,814
554,1653
554,1599
554,1449
554,1536
554,1122
554,1500
554,1398
555,1189
555,1653
555,1599
555,1201
555,814
555,1467
555,1500
555,1122
555,1594
555,1616
556,1189
556,814
556,1467
556,1449
556,1536
556,98
556,408
556,169
556,1130
556,357
557,814
557,1467
557,1189
557,1594
557,1201
557,1599
557,1500
557,1653
557,1122
557,1616
558,1536
558,1449
558,119
558,1189
558,1653
558,814
558,851
558,169
558,408
558,1500
559,814
559,1189
559,1653
559,1467
559,1599
559,1500
559,1122
559,1064
559,1449
559,851
560,1189
560,1467
560,814
560,1449
560,1500
560,1653
560,1599
560,1122
560,169
560,408
561,1189
561,814
561,1467
561,851
561,1500
561,1599
561,1625
561,1201
561,1653
561,1616
562,1189
562,814
562,1467
562,1536
562,1653
562,1599
562,1449
562,1122
562,1064
562,1594
563,814
563,1189
563,64
563,169
563,318
563,22
563,12
563,408
563,98
563,89
564,1189
564,1467
564,1653
564,814
564,1599
564,1449
564,1500
564,851
564,1398
564,1122
565,1467
565,814
565,1189
565,1500
565,1599
565,1653
565,1450
565,1536
565,1122
565,1616
566,1189
566,814
566,1467
566,851
566,1536
566,1599
566,1500
566,1653
566,1449
566,1594
567,814
567,1189
567,1467
567,1500
567,1653
567,1599
567,1122
567,1536
567,851
567,1616
568,1467
568,1449
568,1189
568,1500
568,814
568,1536
568,408
568,64
568,318
568,1653
569,1189
569,814
569,1467
569,1449
569,1653
569,1500
569,1130
569,851
569,1505
569,1482
570,1189
570,1130
570,814
570,1616
570,1536
570,1653
570,1533
570,1201
570,1599
570,1452
571,814
571,1189
571,1467
571,1653
571,1599
571,1500
571,1201
571,1616
571,1594
571,1122
572,1500
572,1189
572,1467
572,814
572,1201
572,1653
572,1625
572,1512
572,1482
572,851
573,1189
573,814
573,1467
573,1599
573,1500
573,1653
573,1449
573,1201
573,1536
573,851
574,814
574,1536
574,1467
574,1189
574,1653
574,1500
574,1398
574,1599
574,1594
574,1449
575,64
575,169
575,12
575,22
575,814
575,1467
575,89
575,408
575,114
575,113
576,814
576,1467
576,1653
576,1189
576,1500
576,1599
576,1398
576,22
576,1449
576,1064
577,1189
577,814
577,1653
577,1599
577,1201
577,1467
577,1122
577,1500
577,1594
577,1536
578,1653
578,1467
578,1189
578,814
578,1536
578,1398
578,1449
578,1500
578,1064
578,1269
579,1189
579,64
579,318
579,22
579,1449
579,12
579,174
579,427
579,127
579,357
580,1599
580,1189
580,1467
580,1122
580,1201
580,814
580,1653
580,1500
580,1080
580,1452
581,814
581,1467
581,1500
581,1653
581,1189
581,1599
581,1625
581,1452
581,1201
581,1122
582,814
582,1467
582,1189
582,1482
582,1500
582,851
582,1599
582,1594
582,1625
582,1201
583,814
583,1189
583,1467
583,1599
583,1653
583,1500
583,851
583,1122
583,1625
583,1235
584,814
584,1653
584,1599
584,1189
584,1235
584,1398
584,1500
584,1467
584,1201
584,1536
585,1189
585,1653
585,814
585,1599
585,1536
585,1201
585,851
585,1616
585,1500
585,1525
586,1189
586,1653
586,1599
586,814
586,1467
586,1122
586,1500
586,1536
586,1449
586,1201
587,1599
587,1189
587,1536
587,1653
587,1467
587,1201
587,1122
587,814
587,1293
587,1235
588,1189
588,1599
588,1467
588,1500
588,814
588,1201
588,1449
588,1653
588,1235
588,851
589,1653
589,1467
589,1398
589,22
589,1269
589,1536
589,64
589,966
589,1189
589,143
590,1189
590,814
590,1594
590,1653
590,1616
590,1201
590,1599
590,1500
590,119
590,1452
591,1189
591,814
591,1599
591,1467
591,1536
591,1500
591,1653
591,1122
591,851
591,1130
592,1189
592,1599
592,114
592,119
592,474
592,511
592,515
592,390
592,1452
592,493
593,1189
593,814
593,1467
593,1536
593,1599
593,1449
593,1653
593,1201
593,1122
593,1594
594,1189
594,814
594,1467
594,1599
594,1653
594,1536
594,1500
594,1122
594,1235
594,1449
595,1189
595,814
595,1467
595,1599
595,1449
595,408
595,169
595,853
595,1536
595,474
596,1189
596,1653
596,1599
596,1467
596,814
596,1536
596,1122
596,1201
596,1500
596,1235
597,64
597,169
597,318
597,408
597,12
597,114
597,174
597,1467
597,1449
597,22
598,814
598,1189
598,1467
598,1594
598,1536
598,1449
598,1500
598,1616
598,1201
598,318
599,1653
599,1599
599,1467
599,1122
599,1189
599,1500
599,1064
599,1398
599,1642
599,1269
600,1189
600,814
600,1449
600,1536
600,1599
600,1467
600,1500
600,98
600,408
600,318
601,814
601,1189
601,1599
601,1201
601,1467
601,1500
601,851
601,1482
601,119
601,1616
602,1189
602,814
602,1653
602,1467
602,1449
602,1201
602,1599
602,1536
602,1500
602,1122
603,1599
603,1653
603,1467
603,1189
603,814
603,1201
603,1235
603,1616
603,1122
603,1500
604,1599
604,1201
604,1594
604,1467
604,814
604,1189
604,1482
604,1616
604,1653
604,1500
605,1189
605,814
605,1467
605,1653
605,1536
605,1594
605,1452
605,1449
605,1500
605,1482
606,1189
606,1449
606,1467
606,814
606,318
606,1536
606,169
606,1599
606,1653
606,408
607,1189
607,1467
607,814
607,1599
607,1653
607,1500
607,1449
607,1536
607,851
607,169
608,1189
608,1599
608,814
608,1467
608,1536
608,1122
608,1064
608,1653
608,1594
608,1235
609,1505
609,851
609,1235
609,1653
609,814
609,1599
609,1536
609,1189
609,1500
609,1201
610,1189
610,814
610,1449
610,64
610,1536
610,22
610,1064
610,408
610,1467
610,969
611,1467
611,814
611,1449
611,1189
611,64
611,318
611,169
611,320
611,89
611,251
612,1189
612,1536
612,814
612,1467
612,1653
612,1599
612,1064
612,1594
612,1122
612,1449
613,1189
613,814
613,1599
613,169
613,408
613,1467
613,1449
613,98
613,114
613,1536
614,1467
614,1653
614,814
614,1599
614,1189
614,1500
614,1201
614,851
614,1449
614,1650
615,1189
615,98
615,408
615,318
615,64
615,169
615,511
615,114
615,1142
615,89
616,1189
616,814
616,1599
616,1653
616,1467
616,1594
616,1616
616,1500
616,1122
616,1064
617,814
617,1189
617,1467
617,1642
617,1064
617,1599
617,1533
617,1653
617,1500
617,1275
618,1189
618,1467
618,1449
618,814
618,169
618,1536
618,480
618,408
618,357
618,178
619,1189
619,1653
619,1398
619,814
619,1500
619,1449
619,1064
619,1467
619,64
619,1594
620,1599
620,814
620,1189
620,1201
620,1653
620,1467
620,1122
620,1235
620,1500
620,1616
621,1467
621,1189
621,1449
621,169
621,1599
621,64
621,1653
621,814
621,114
621,89
622,1467
622,1449
622,1189
622,114
622,318
622,814
622,357
622,603
622,657
622,515
623,814
623,1189
623,1467
623,1653
623,1599
623,1449
623,851
623,1500
623,1594
623,1201
624,1189
624,814
624,1467
624,1599
624,1653
624,1500
624,1449
624,1122
624,1201
624,851
625,1189
625,814
625,1467
625,1599
625,1653
625,1122
625,1449
625,1201
625,851
625,1500
626,1189
626,1536
626,853
626,1599
626,1452
626,854
626,1449
626,127
626,1130
626,1467
627,814
627,1189
627,1467
627,1653
627,1599
627,1500
627,851
627,1122
627,1449
627,1201
628,1189
628,1235
628,814
628,1599
628,1536
628,1653
628,1594
628,1122
628,1450
628,1467
629,1189
629,814
629,1653
629,1449
629,1467
629,1398
629,318
629,1536
629,169
629,1500
630,1653
630,1599
630,1536
630,1189
630,1467
630,1122
630,814
630,1398
630,1500
630,1293
631,814
631,1189
631,1467
631,1449
631,1500
631,1201
631,1653
631,851
631,169
631,1599
632,1189
632,1467
632,814
632,1449
632,169
632,408
632,427
632,496
632,1599
632,603
633,1189
633,1467
633,814
633,1653
633,1449
633,1599
633,1500
633,64
633,1122
633,22
634,64
634,318
634,98
634,22
634,12
634,1449
634,169
634,1189
634,174
634,89
635,1189
635,1467
635,814
635,1599
635,1500
635,1450
635,1594
635,1653
635,1536
635,851
636,1653
636,814
636,1189
636,1599
636,1467
636,1122
636,1235
636,1398
636,1536
636,1500
637,1189
637,1599
637,814
637,1653
637,1235
637,1467
637,1536
637,1130
637,851
637,1616
638,1467
638,1449
638,814
638,64
638,1189
638,318
638,1653
638,169
638,1599
638,12
639,1467
639,1189
639,1449
639,814
639,64
639,318
639,1536
639,169
639,1500
639,408
640,1189
640,814
640,1599
640,1653
640,1467
640,408
640,1500
640,1449
640,1482
640,851
641,814
641,1189
641,1599
641,1653
641,1500
641,1467
641,851
641,1536
641,1482
641,1122
642,1189
642,1599
642,1201
642,814
642,1467
642,1653
642,1449
642,1122
642,1500
642,1594
643,1189
643,814
643,1467
643,1653
643,1599
643,1449
643,1500
643,1122
643,1536
643,851
644,1653
644,1189
644,814
644,1599
644,1122
644,1536
644,1467
644,1500
644,1235
644,1201
645,1189
645,814
645,1467
645,1500
645,1653
645,851
645,1599
645,1536
645,1122
645,1449
646,1653
646,814
646,1189
646,1122
646,1599
646,1467
646,1500
646,1536
646,1398
646,1235
647,1189
647,814
647,1467
647,1653
647,1599
647,1449
647,1122
647,1536
647,1500
647,1398
648,814
648,1653
648,1467
648,1189
648,1599
648,64
648,408
648,1449
648,1201
648,1398
649,1189
649,64
649,318
649,1449
649,169
649,22
649,12
649,98
649,1467
649,814
650,1189
650,814
650,1467
650,1599
650,1653
650,1500
650,1449
650,1201
650,851
650,1122
651,814
651,1189
651,1122
651,1536
651,1653
651,1064
651,1398
651,1599
651,1467
651,1449
652,1189
652,1599
652,814
652,1467
652,1653
652,1616
652,1235
652,1500
652,1122
652,1594
653,1467
653,1189
653,814
653,169
653,1449
653,12
653,1653
653,1599
653,114
653,408
654,1189
654,64
654,1449
654,1536
654,814
654,1467
654,966
654,480
654,427
654,515
655,1189
655,1467
655,814
655,1599
655,1653
655,1449
655,1122
655,1536
655,1500
655,1130
656,1189
656,1130
656,1599
656,814
656,1201
656,1653
656,1500
656,1467
656,1449
656,1482
657,1189
657,1536
657,1594
657,1467
657,1653
657,1201
657,1625
657,814
657,1599
657,1512
658,1189
658,1536
658,1449
658,64
658,814
658,12
658,1467
658,357
658,480
658,174
659,1189
659,1467
659,814
659,1653
659,1599
659,1449
659,1500
659,1536
659,1122
659,1293
660,1189
660,814
660,1467
660,169
660,1449
660,408
660,1599
660,12
660,127
660,114
661,1189
661,814
661,1467
661,1449
661,1653
661,1536
661,1599
661,22
661,12
661,98
662,814
662,1189
662,1467
662,1500
662,1201
662,1594
662,1616
662,1599
662,1653
662,1235
663,1189
663,1653
663,814
663,1536
663,1500
663,1122
663,1467
663,1599
663,1449
663,1064
664,1189
664,814
664,1467
664,1449
664,1500
664,1653
664,1536
664,851
664,1599
664,1482
665,1189
665,1599
665,1653
665,1467
665,814
665,1500
665,1122
665,1201
665,1536
665,1449
666,1189
666,814
666,1467
666,1500
666,1599
666,1653
666,851
666,1536
666,1449
666,1122
667,1189
667,1599
667,814
667,1467
667,1536
667,851
667,1449
667,1064
667,1482
667,1122
668,1189
668,1467
668,1449
668,1653
668,1536
668,814
668,1500
668,1599
668,169
668,1064
669,1189
669,814
669,1467
669,1449
669,1599
669,1536
669,1653
669,851
669,98
669,1500
670,1653
670,1189
670,814
670,1599
670,1467
670,1122
670,1500
670,1201
670,1398
670,851
671,64
671,318
671,1449
671,143
671,169
671,313
671,496
671,966
671,963
671,427
672,1189
672,814
672,1500
672,1653
672,1599
672,1201
672,1467
672,1122
672,1449
672,1536
673,1189
673,814
673,1599
673,1536
673,1653
673,1467
673,851
673,1130
673,1452
673,1482
674,1189
674,1653
674,1467
674,814
674,1536
674,1599
674,1500
674,1122
674,1594
674,1398
675,1189
675,851
675,1599
675,1616
675,1482
675,1201
675,1536
675,1512
675,1130
675,1500
676,1189
676,814
676,1449
676,1467
676,1599
676,851
676,1482
676,1201
676,1536
676,408
677,1467
677,1653
677,1169
677,1449
677,1019
677,64
677,12
677,814
677,169
677,50
678,64
678,12
678,1449
678,22
678,318
678,169
678,89
678,98
678,174
678,114
679,1467
679,814
679,1189
679,1449
679,1500
679,1599
679,1653
679,851
679,1064
679,408
680,1189
680,814
680,1467
680,1449
680,1201
680,1599
680,1653
680,1482
680,1500
680,1536
681,1189
681,1467
681,1616
681,814
681,1625
681,1080
681,851
681,1201
681,1594
681,1130
682,1189
682,814
682,1599
682,1467
682,1449
682,1536
682,169
682,1500
682,408
682,1122
683,1189
683,814
683,1467
683,408
683,169
683,1449
683,114
683,318
683,89
683,64
684,1189
684,1467
684,1449
684,814
684,1599
684,1653
684,22
684,318
684,169
684,174
685,814
685,1653
685,1398
685,1599
685,1189
685,1500
685,1467
685,1201
685,1122
685,1449
686,1189
686,408
686,1449
686,814
686,169
686,114
686,657
686,589
686,515
686,511
687,1653
687,1189
687,1467
687,814
687,1500
687,1599
687,1122
687,1398
687,1064
687,1536
688,1653
688,1599
688,1122
688,1189
688,1467
688,1201
688,1536
688,1616
688,1500
688,1398
689,1599
689,814
689,1201
689,1653
689,1467
689,1189
689,1449
689,1482
689,1398
689,1500
690,1189
690,1467
690,814
690,1653
690,1122
690,1449
690,1536
690,1599
690,318
690,1064
691,1189
691,814
691,1599
691,1467
691,1130
691,1536
691,1594
691,1452
691,851
691,1201
692,1189
692,1467
692,1599
692,814
692,1449
692,1201
692,1536
692,1653
692,1594
692,1616
693,1189
693,1467
693,814
693,1599
693,1449
693,1653
693,1500
693,169
693,1064
693,1536
694,1189
694,814
694,1467
694,1653
694,1599
694,1449
694,1500
694,1122
694,1536
694,1201
695,814
695,1625
695,1189
695,1467
695,1500
695,851
695,1533
695,1122
695,1201
695,1130
696,814
696,1189
696,1467
696,119
696,1536
696,1449
696,127
696,169
696,408
696,98
697,169
697,408
697,89
697,511
697,1449
697,114
697,64
697,318
697,480
697,174
698,1467
698,1189
698,1653
698,1599
698,814
698,1449
698,1122
698,1201
698,64
698,169
699,1189
699,814
699,1599
699,1653
699,1122
699,1500
699,1467
699,1201
699,1536
699,1594
700,814
700,1653
700,1189
700,1467
700,1599
700,1201
700,1500
700,1122
700,1594
700,1398
701,1189
701,814
701,1467
701,1599
701,1653
701,851
701,1122
701,1449
701,1201
701,1616
702,1189
702,22
702,50
702,408
702,1599
702,169
702,174
702,1201
702,64
702,1398
703,1189
703,64
703,318
703,22
703,174
703,98
703,814
703,1449
703,169
703,12
704,1189
704,1467
704,814
704,1449
704,1536
704,64
704,169
704,127
704,357
704,12
705,1599
705,814
705,1189
705,1653
705,1467
705,1201
705,1594
705,1235
705,1616
705,1500
706,1189
706,1616
706,814
706,1653
706,1467
706,1594
706,1122
706,1201
706,1235
706,1599
707,1189
707,1599
707,814
707,1122
707,851
707,1525
707,1616
707,1625
707,1467
707,1201
708,1599
708,1536
708,22
708,64
708,318
708,1189
708,169
708,1467
708,1653
708,1293
709,1467
709,1189
709,1653
709,814
709,1599
709,1536
709,1122
709,1449
709,1500
709,1398
710,1189
710,1467
710,814
710,1449
710,1653
710,1599
710,851
710,1500
710,1536
710,169
711,1189
711,814
711,1467
711,1449
711,851
711,1201
711,1594
711,1500
711,1653
711,1599
712,1653
712,1599
712,1189
712,1122
712,814
712,1467
712,1201
712,1235
712,1398
712,1616
713,1189
713,1449
713,814
713,1599
713,1536
713,169
713,127
713,64
713,1467
713,318
714,1467
714,814
714,1189
714,1653
714,1599
714,1449
714,64
714,1122
714,1616
714,169
715,127
715,169
715,114
715,357
715,1189
715,408
715,515
715,1449
715,178
715,603
716,1189
716,1449
716,814
716,1467
716,169
716,408
716,1599
716,1536
716,12
716,1653
717,814
717,1189
717,1500
717,1467
717,1594
717,1449
717,1653
717,851
717,1064
717,1201
718,814
718,1653
718,1189
718,1467
718,1599
718,1398
718,1201
718,1064
718,1449
718,1500
719,814
719,1189
719,1536
719,1467
719,1653
719,1594
719,1449
719,1064
719,1398
719,1599
720,814
720,1189
720,1235
720,1500
720,1467
720,1450
720,1599
720,1653
720,1122
720,1616
721,1189
721,1653
721,1599
721,814
721,1201
721,1467
721,1500
721,1122
721,1616
721,1594
722,814
722,1189
722,1467
722,1599
722,1536
722,1500
722,1449
722,851
722,1653
722,1130
723,1467
723,1189
723,1599
723,814
723,1449
723,1653
723,64
723,1536
723,114
723,22
724,50
724,64
724,174
724,22
724,169
724,12
724,98
724,172
724,318
724,114
725,814
725,1189
725,1536
725,1594
725,1500
725,1122
725,1467
725,1201
725,1653
725,1616
726,1653
726,814
726,1599
726,1189
726,1452
726,1467
726,1104
726,1623
726,1594
726,1201
727,1467
727,1189
727,64
727,1449
727,318
727,814
727,1653
727,480
727,603
727,657
728,1653
728,814
728,1500
728,1189
728,1467
728,1599
728,1536
728,1594
728,1201
728,1122
729,1189
729,1500
729,851
729,1653
729,1616
729,1201
729,1122
729,814
729,1064
729,1599
730,1189
730,1599
730,814
730,1467
730,1653
730,1536
730,1482
730,1130
730,1064
730,1122
731,1189
731,318
731,22
731,1201
731,1449
731,1599
731,174
731,98
731,963
731,272
732,1653
732,1122
732,1467
732,1536
732,1594
732,814
732,1235
732,1064
732,1189
732,1599
733,1189
733,814
733,1467
733,1130
733,1449
733,1599
733,851
733,408
733,169
733,1536
734,1189
734,814
734,1467
734,1449
734,1599
734,1122
734,1536
734,1064
734,1653
734,1130
735,1189
735,1467
735,1536
735,1449
735,1653
735,1122
735,1594
735,1599
735,1500
735,814
736,814
736,1189
736,1616
736,1467
736,1500
736,1536
736,1594
736,1653
736,1452
736,1458
737,814
737,1189
737,1500
737,1467
737,1653
737,1201
737,1599
737,1122
737,851
737,119
738,1189
738,1467
738,814
738,1653
738,1449
738,1599
738,1500
738,851
738,1536
738,12
739,1653
739,1599
739,1525
739,814
739,1450
739,1201
739,1467
739,1500
739,1235
739,1398
740,1189
740,1500
740,1467
740,1653
740,814
740,1122
740,1536
740,1482
740,1616
740,1449
741,1189
741,1449
741,127
741,814
741,408
741,318
741,64
741,169
741,1467
741,1536
742,1189
742,814
742,1130
742,1594
742,1467
742,1599
742,1625
742,1122
742,1500
742,1653
743,814
743,1189
743,1500
743,1201
743,1467
743,1616
743,1599
743,851
743,1653
743,1449
744,1653
744,814
744,1189
744,1467
744,1599
744,1500
744,1122
744,1201
744,1594
744,1536
745,1467
745,1189
745,814
745,1599
745,1449
745,1653
745,1500
745,89
745,318
745,22
746,1467
746,318
746,169
746,1449
746,12
746,1189
746,98
746,408
746,814
746,114
747,1449
747,1189
747,89
747,191
747,657
747,114
747,814
747,515
747,513
747,963
748,1467
748,814
748,1189
748,1653
748,1599
748,1449
748,1500
748,12
748,1122
748,1536
749,814
749,1189
749,1467
749,1653
749,1449
749,1500
749,1599
749,318
749,1201
749,1398
750,64
750,98
750,318
750,169
750,50
750,127
750,22
750,12
750,114
750,89
751,1189
751,1449
751,814
751,64
751,1467
751,169
751,318
751,408
751,12
751,127
752,814
752,1467
752,1653
752,320
752,1189
752,1536
752,1449
752,1599
752,1642
752,1368
753,1189
753,1653
753,814
753,1201
753,1536
753,1599
753,1594
753,1616
753,1122
753,1500
754,1467
754,814
754,1189
754,1653
754,1500
754,1449
754,1398
754,1599
754,1201
754,1536
755,1599
755,1467
755,1653
755,1189
755,1235
755,814
755,1594
755,1201
755,1064
755,1398
756,814
756,1189
756,1467
756,1449
756,169
756,1653
756,408
756,64
756,318
756,1599
757,1189
757,814
757,1467
757,1599
757,1449
757,1653
757,169
757,1536
757,408
757,1500
758,1189
758,1653
758,1122
758,814
758,1467
758,1599
758,1201
758,851
758,1500
758,1449
759,1189
759,1599
759,1653
759,1467
759,814
759,22
759,1449
759,1269
759,64
759,1398
760,1599
760,1536
760,1189
760,1616
760,1525
760,1533
760,814
760,1201
760,1594
760,1653
761,64
761,22
761,174
761,318
761,1467
761,1449
761,113
761,496
761,12
761,265
762,1189
762,127
762,98
762,320
762,357
762,64
762,408
762,853
762,50
762,114
763,1189
763,814
763,1467
763,1599
763,1500
763,1653
763,851
763,1536
763,1482
763,1594
764,1189
764,814
764,1467
764,1599
764,1536
764,1449
764,1653
764,1122
764,1398
764,1064
765,1189
765,1625
765,814
765,1616
765,1500
765,1512
765,1599
765,1533
765,1594
765,851
766,1189
766,1467
766,814
766,1653
766,1449
766,1500
766,1599
766,1122
766,851
766,169
767,1189
767,814
767,1653
767,1467
767,1599
767,1500
767,1122
767,1201
767,851
767,1536
768,1653
768,1189
768,1467
768,1449
768,814
768,64
768,1500
768,318
768,169
768,1599
769,64
769,408
769,169
769,1449
769,318
769,22
769,1189
769,12
769,98
769,50
770,1189
770,814
770,1599
770,1467
770,1594
770,1500
770,1653
770,1122
770,1616
770,1201
771,1653
771,1467
771,814
771,1599
771,1189
771,1201
771,1130
771,1122
771,1625
771,1500
772,814
772,1189
772,851
772,1467
772,1599
772,1653
772,1500
772,1449
772,1235
772,1122
773,814
773,1189
773,1653
773,1201
773,1616
773,1500
773,1625
773,1599
773,1467
773,1482
774,1189
774,814
774,1467
774,1653
774,1500
774,1449
774,851
774,1599
774,1536
774,1122
775,1189
775,814
775,1467
775,1599
775,1616
775,1130
775,1653
775,1500
775,1452
775,851
776,1467
776,169
776,814
776,1189
776,408
776,64
776,114
776,1449
776,12
776,1653
777,1599
777,814
777,1189
777,1467
777,1653
777,1500
777,1642
777,1536
777,1235
777,1122
778,1467
778,814
778,1189
778,114
778,1500
778,169
778,89
778,127
778,320
778,408
779,1189
779,1467
779,814
779,1599
779,1653
779,1122
779,1449
779,1201
779,64
779,169
780,1189
780,1653
780,1467
780,814
780,1449
780,1500
780,1599
780,1398
780,1536
780,1122
781,814
781,1189
781,1467
781,1653
781,851
781,1599
781,1449
781,408
781,119
781,169
782,1500
782,1189
782,1599
782,814
782,1653
782,1064
782,1536
782,1467
782,1616
782,1201
783,1653
783,814
783,1500
783,1189
783,1122
783,1467
783,1452
783,1599
783,1616
783,1533
784,1599
784,1653
784,1189
784,1467
784,814
784,1536
784,851
784,1500
784,1122
784,1201
785,1653
785,1467
785,1189
785,814
785,1449
785,1599
785,1398
785,1536
785,1500
785,169
786,1189
786,814
786,1467
786,1449
786,1536
786,64
786,22
786,169
786,1653
786,408
787,22
787,64
787,1467
787,318
787,1449
787,174
787,169
787,50
787,408
787,12
788,1189
788,814
788,1467
788,1653
788,1449
788,851
788,1599
788,1536
788,1500
788,1122
789,814
789,1653
789,1189
789,1467
789,1599
789,1500
789,1449
789,169
789,119
789,851
790,1189
790,814
790,1467
790,1653
790,1599
790,1536
790,1500
790,1594
790,1449
790,1122
791,1599
791,814
791,1467
791,1189
791,1653
791,1500
791,1235
791,1450
791,1398
791,1449
792,814
792,1189
792,1599
792,1653
792,1467
792,1616
792,1594
792,1122
792,1452
792,1500
793,1189
793,1467
793,1653
793,814
793,1449
793,1599
793,169
793,64
793,1500
793,408
794,1189
794,814
794,1467
794,1599
794,1653
794,1500
794,851
794,1449
794,1482
794,1536
795,814
795,1189
795,1467
795,1653
795,1500
795,1599
795,1201
795,851
795,1122
795,1594
796,1189
796,1599
796,1467
796,814
796,1653
796,1449
796,169
796,1536
796,966
796,1398
797,1467
797,1189
797,1653
797,1398
797,174
797,64
797,1449
797,814
797,172
797,318
798,1467
798,1653
798,1189
798,1599
798,814
798,1122
798,1201
798,1594
798,1500
798,1450
799,1189
799,814
799,1653
799,1467
799,1599
799,1201
799,1500
799,1122
799,1594
799,1130
800,814
800,1189
800,1467
800,1653
800,1599
800,851
800,1500
800,1482
800,1594
800,1616
801,1467
801,64
801,1599
801,1449
801,1653
801,169
801,174
801,22
801,12
801,318
802,1599
802,1653
802,814
802,1467
802,1500
802,1189
802,1235
802,1122
802,1594
802,1064
803,1189
803,127
803,408
803,474
803,851
803,98
803,853
803,357
803,119
803,178
804,814
804,1189
804,1653
804,1467
804,1599
804,1122
804,1500
804,1201
804,851
804,1616
805,1189
805,814
805,1467
805,851
805,1616
805,1500
805,1625
805,1653
805,1599
805,1122
806,1189
806,814
806,1653
806,1449
806,1467
806,1536
806,1500
806,1599
806,851
806,1122
807,1189
807,1653
807,1599
807,1467
807,814
807,1500
807,1122
807,1201
807,1594
807,1398
808,1189
808,1653
808,1467
808,1452
808,814
808,1616
808,1623
808,1625
808,1482
808,1500
809,1189
809,1449
809,814
809,1500
809,1467
809,119
809,1452
809,1599
809,127
809,1201
810,814
810,1189
810,1467
810,1653
810,1599
810,1500
810,1201
810,1616
810,851
810,1122
811,1653
811,1122
811,1201
811,1599
811,1467
811,1500
811,1235
811,1398
811,1189
811,814
812,1653
812,1467
812,1599
812,1201
812,1189
812,1122
812,1536
812,1269
812,313
812,22
813,814
813,1189
813,318
813,64
813,98
813,89
813,12
813,480
813,50
813,1449
814,1189
814,1653
814,1599
814,1536
814,1467
814,814
814,1449
814,1201
814,1122
814,1398
815,1189
815,814
815,22
815,64
815,1449
815,1536
815,169
815,408
815,1467
815,12
816,1653
816,1189
816,1467
816,814
816,1616
816,1599
816,1500
816,1122
816,1235
816,1482
817,814
817,1536
817,1189
817,1467
817,1653
817,1449
817,1500
817,169
817,64
817,1599
818,1189
818,1467
818,1536
818,1449
818,1599
818,1293
818,1122
818,318
818,814
818,127
819,1189
819,814
819,1467
819,1452
819,1449
819,1482
819,1616
819,1653
819,1625
819,1500
820,1189
820,1653
820,1452
820,1500
820,1064
820,1122
820,1536
820,1467
820,1594
820,1398
821,1189
821,814
821,1536
821,1467
821,1653
821,1599
821,1594
821,1449
821,1482
821,1500
822,814
822,1653
822,1467
822,1599
822,1500
822,1189
822,1616
822,1201
822,1482
822,1594
823,1189
823,814
823,1449
823,169
823,1467
823,851
823,1536
823,357
823,114
823,178
824,814
824,1653
824,1189
824,1467
824,1500
824,1201
824,1599
824,1536
824,851
824,1398
825,1467
825,1653
825,1189
825,814
825,22
825,1599
825,64
825,169
825,318
825,1449
826,1467
826,1189
826,814
826,1599
826,1653
826,1500
826,1201
826,1449
826,1594
826,169
827,1189
827,1653
827,1467
827,1599
827,814
827,1500
827,1201
827,1122
827,1536
827,1293
828,1189
828,814
828,1536
828,98
828,1642
828,169
828,318
828,64
828,851
828,127
829,1189
829,127
829,98
829,814
829,169
829,1449
829,89
829,64
829,357
829,114
830,814
830,1189
830,1467
830,851
830,1653
830,1599
830,1449
830,1201
830,1594
830,1500
831,1189
831,1467
831,318
831,98
831,169
831,408
831,1449
831,1536
831,127
831,357
832,1189
832,1599
832,1467
832,814
832,1653
832,1500
832,1536
832,1616
832,1122
832,1201
833,1189
833,814
833,1467
833,1599
833,1536
833,1122
833,851
833,1510
833,1130
833,1650
834,1189
834,1536
834,814
834,1449
834,1467
834,1653
834,64
834,1500
834,851
834,1599
835,814
835,1189
835,1599
835,1201
835,1653
835,1467
835,1500
835,851
835,1536
835,1235
836,1189
836,408
836,169
836,127
836,64
836,814
836,1449
836,1467
836,114
836,98
837,1189
837,814
837,1201
837,1594
837,1616
837,1599
837,1482
837,1467
837,1625
837,1653
838,1189
838,814
838,1467
838,1599
838,1653
838,1201
838,1449
838,1500
838,1122
838,1594
839,1653
839,814
839,1500
839,1467
839,1449
839,1536
839,851
839,1189
839,1201
839,1398
840,1189
840,814
840,1467
840,1653
840,1449
840,1500
840,1122
840,1201
840,1599
840,851
841,1467
841,1653
841,1122
841,1189
841,1599
841,1064
841,1616
841,1500
841,1594
841,1398
842,814
842,1189
842,1653
842,1467
842,851
842,1122
842,1625
842,1674
842,1599
842,1636
843,1467
843,1653
843,814
843,1599
843,1122
843,1189
843,1500
843,1201
843,1450
843,1616
844,1189
844,814
844,1467
844,1653
844,1599
844,1449
844,1122
844,1201
844,1500
844,1594
845,1467
845,814
845,1122
845,1653
845,1189
845,1599
845,1398
845,1536
845,1613
845,1235
846,1189
846,814
846,1449
846,169
846,408
846,1467
846,114
846,851
846,1599
846,1536
847,814
847,1201
847,1616
847,1594
847,1500
847,1467
847,1599
847,1189
847,1653
847,1482
848,1189
848,814
848,1599
848,1201
848,1653
848,1500
848,1467
848,851
848,1449
848,1594
849,1653
849,1189
849,814
849,1122
849,1599
849,1467
849,1500
849,1201
849,1536
849,1594
850,1653
850,1467
850,814
850,1189
850,1599
850,1201
850,1398
850,1449
850,1122
850,1500
851,1449
851,169
851,814
851,89
851,1189
851,98
851,408
851,114
851,357
851,603
852,1189
852,814
852,1653
852,1449
852,1467
852,1536
852,1122
852,1201
852,1642
852,64
853,1653
853,1122
853,1398
853,814
853,1064
853,1651
853,1467
853,1500
853,1189
853,1599
854,1189
854,814
854,1467
854,1536
854,1449
854,1599
854,1653
854,1500
854,1122
854,408
855,1189
855,1467
855,814
855,1599
855,1449
855,1653
855,64
855,169
855,1536
855,318
856,1189
856,814
856,1467
856,1653
856,1536
856,1599
856,1449
856,1452
856,851
856,1122
857,1189
857,1616
857,1594
857,1122
857,1201
857,1130
857,1500
857,1467
857,1482
857,814
858,1189
858,1500
858,1599
858,814
858,1064
858,1536
858,1122
858,1467
858,1533
858,1594
859,1189
859,1467
859,1122
859,1500
859,814
859,1653
859,1599
859,1449
859,1064
859,1452
860,1189
860,814
860,1467
860,1500
860,1449
860,1599
860,851
860,1064
860,1122
860,169
861,814
861,1653
861,1594
861,1189
861,1599
861,1616
861,1201
861,1536
861,1467
861,1482
862,814
862,1189
862,1467
862,1653
862,1599
862,1500
862,1536
862,1201
862,1449
862,1122
863,1599
863,1467
863,814
863,1189
863,1449
863,1452
863,119
863,408
863,169
863,64
864,1189
864,1449
864,1467
864,89
864,814
864,480
864,427
864,657
864,515
864,187
865,1616
865,1599
865,814
865,1201
865,1625
865,1189
865,1482
865,851
865,1594
865,1653
866,1189
866,814
866,1653
866,1467
866,1201
866,1449
866,851
866,1130
866,1122
866,1599
867,814
867,1189
867,1467
867,1599
867,1482
867,851
867,1500
867,1653
867,1616
867,1449
868,1189
868,1467
868,119
868,1500
868,814
868,1449
868,1599
868,851
868,1653
868,1201
869,1189
869,1449
869,1467
869,474
869,408
869,56
869,114
869,589
869,89
869,180
870,1189
870,814
870,1467
870,1599
870,1653
870,1449
870,1500
870,1536
870,1122
870,851
871,1653
871,1467
871,814
871,1189
871,1599
871,1500
871,1122
871,1398
871,1201
871,1449
872,1653
872,1189
872,1122
872,1467
872,1398
872,1536
872,1599
872,814
872,1500
872,1449
873,1653
873,1599
873,1189
873,1235
873,814
873,1616
873,1201
873,1594
873,1505
873,1500
874,1189
874,814
874,1467
874,1500
874,1653
874,1449
874,1122
874,1064
874,1599
874,1594
875,1189
875,814
875,1467
875,1599
875,1653
875,1500
875,1449
875,851
875,1536
875,1122
876,1189
876,1467
876,814
876,1599
876,851
876,1653
876,1536
876,1449
876,1500
876,1122
877,1599
877,1189
877,814
877,1653
877,1616
877,1201
877,1594
877,1122
877,1467
877,1235
878,1189
878,814
878,1467
878,1449
878,1536
878,1653
878,1599
878,1122
878,169
878,1130
879,1189
879,1599
879,1201
879,1536
879,1653
879,1235
879,814
879,1500
879,1594
879,1122
880,1467
880,814
880,1189
880,1653
880,1449
880,1536
880,1500
880,1293
880,1452
880,1122
881,169
881,12
881,318
881,1189
881,408
881,814
881,114
881,1449
881,657
881,603
882,1189
882,814
882,1467
882,1449
882,1536
882,318
882,64
882,22
882,1653
882,1599
883,814
883,1189
883,1599
883,1653
883,1500
883,1467
883,1122
883,1201
883,1235
883,1594
884,1189
884,814
884,1599
884,1449
884,851
884,512
884,169
884,408
884,1201
884,318
885,64
885,22
885,1189
885,98
885,1449
885,12
885,1467
885,313
885,1536
885,408
886,1449
886,169
886,408
886,114
886,480
886,603
886,272
886,515
886,427
886,511
887,1604
887,1467
887,1653
887,1189
887,1599
887,1449
887,1536
887,1122
887,814
887,1064
888,1189
888,1467
888,814
888,1599
888,1536
888,1653
888,1122
888,1449
888,1500
888,1594
889,1189
889,814
889,1653
889,1599
889,1467
889,1235
889,1122
889,1201
889,1500
889,1536
890,1189
890,814
890,1467
890,1449
890,408
890,851
890,1536
890,169
890,178
890,318
891,1189
891,814
891,1599
891,1653
891,1235
891,1594
891,1201
891,1467
891,1536
891,1500
892,1189
892,814
892,1467
892,1653
892,1449
892,1500
892,1599
892,169
892,408
892,1122
893,1189
893,1449
893,64
893,1467
893,318
893,169
893,22
893,174
893,12
893,98
894,1189
894,814
894,1467
894,1653
894,1599
894,1500
894,1536
894,1122
894,851
894,1594
895,1189
895,1201
895,814
895,1653
895,1599
895,1467
895,1594
895,1500
895,1452
895,1130
896,1189
896,1467
896,814
896,1449
896,1536
896,408
896,169
896,1599
896,1653
896,1594
897,1189
897,1467
897,1599
897,1653
897,814
897,1536
897,1122
897,1064
897,1449
897,1293
898,1189
898,814
898,1599
898,1467
898,1653
898,1130
898,1533
898,1452
898,1482
898,1536
899,1189
899,814
899,1599
899,1201
899,1653
899,1594
899,1536
899,1467
899,1500
899,1449
900,1467
900,1189
900,814
900,1653
900,1449
900,851
900,1599
900,1594
900,169
900,64
901,814
901,1189
901,1599
901,1653
901,1201
901,1122
901,1398
901,1536
901,1467
901,1616
902,1189
902,814
902,1536
902,1449
902,1653
902,64
902,1064
902,22
902,408
902,1599
903,1189
903,814
903,1653
903,1536
903,1449
903,1467
903,1500
903,1599
903,169
903,408
904,1599
904,1189
904,1653
904,814
904,1467
904,1235
904,1536
904,1122
904,1500
904,1450
905,1189
905,814
905,1449
905,1467
905,1653
905,1500
905,408
905,127
905,169
905,64
906,1189
906,814
906,1449
906,1467
906,318
906,1130
906,1500
906,1122
906,1064
906,64
907,1599
907,1189
907,814
907,1653
907,1467
907,1122
907,1536
907,1500
907,1594
907,1235
908,1189
908,814
908,1467
908,1653
908,1599
908,1122
908,1536
908,1500
908,1449
908,1130
909,1653
909,814
909,1189
909,1122
909,1467
909,1500
909,1536
909,1599
909,1594
909,851
910,1189
910,814
910,1536
910,1653
910,1467
910,1449
910,1500
910,408
910,169
910,64
911,814
911,1189
911,1467
911,1599
911,1201
911,1653
911,1449
911,1642
911,1500
911,1122
912,1189
912,814
912,1599
912,1653
912,1536
912,1449
912,1201
912,1064
912,1122
912,1130
913,1189
913,814
913,1449
913,1467
913,114
913,1064
913,515
913,480
913,178
913,511
914,1467
914,1189
914,1653
914,814
914,1293
914,1450
914,1625
914,1122
914,1645
914,1452
915,1467
915,1189
915,814
915,1653
915,1449
915,1594
915,1201
915,851
915,1599
915,1500
916,1189
916,814
916,1467
916,1599
916,1500
916,1653
916,851
916,1594
916,1536
916,1201
917,1189
917,1500
917,814
917,1533
917,1653
917,1482
917,1201
917,1599
917,1536
917,1452
918,1599
918,814
918,1189
918,1616
918,1653
918,1500
918,1467
918,1122
918,1594
918,1201
919,1189
919,1653
919,814
919,1536
919,1467
919,1599
919,1449
919,1122
919,1293
919,169
920,1599
920,1189
920,1653
920,1467
920,814
920,1500
920,1452
920,1536
920,1130
920,1398
921,1467
921,22
921,1189
921,1653
921,64
921,1449
921,318
921,814
921,1599
921,966
922,814
922,1189
922,1467
922,1653
922,1599
922,1616
922,1201
922,851
922,1449
922,1594
923,1189
923,814
923,1467
923,1449
923,1500
923,169
923,1599
923,1653
923,64
923,1536
924,1189
924,814
924,1467
924,1599
924,1653
924,1449
924,1500
924,1536
924,1122
924,1201
925,1189
925,1449
925,1536
925,1599
925,814
925,1653
925,64
925,1122
925,22
925,1467
926,1189
926,1467
926,814
926,1594
926,1536
926,1064
926,1599
926,1449
926,1452
926,1122
927,814
927,1467
927,1189
927,1653
927,1599
927,1449
927,1500
927,1536
927,1201
927,1398
928,814
928,1653
928,1189
928,1625
928,1616
928,1500
928,1201
928,1122
928,1130
928,1599
929,1189
929,1467
929,814
929,1653
929,1599
929,851
929,1449
929,1536
929,1122
929,1500
930,1653
930,1189
930,814
930,1500
930,1467
930,1616
930,1122
930,1594
930,1599
930,1201
931,1467
931,1189
931,814
931,1449
931,1653
931,1536
931,1500
931,1599
931,1064
931,851
932,1189
932,814
932,1653
932,851
932,1500
932,1467
932,1201
932,1599
932,1130
932,1452
933,1189
933,814
933,1467
933,851
933,1449
933,1599
933,1500
933,408
933,1653
933,169
934,1189
934,169
934,814
934,64
934,318
934,1467
934,22
934,408
934,12
934,98
935,1653
935,1189
935,1599
935,1467
935,814
935,1122
935,1536
935,1398
935,1235
935,1616
936,814
936,1599
936,1189
936,1653
936,1201
936,1467
936,1500
936,1452
936,1616
936,1536
937,1189
937,814
937,1653
937,1064
937,1467
937,1482
937,1505
937,1599
937,1398
937,1536
938,1189
938,814
938,1653
938,1467
938,1599
938,64
938,1449
938,1452
938,1536
938,22
939,1599
939,1189
939,1653
939,1467
939,1500
939,1536
939,814
939,1201
939,1064
939,1398
940,1189
940,1467
940,1653
940,1449
940,64
940,22
940,814
940,1536
940,169
940,318
941,1467
941,1653
941,1189
941,1599
941,814
941,1500
941,1616
941,1201
941,1594
941,1122
942,1189
942,814
942,1653
942,1467
942,1599
942,1536
942,1449
942,1122
942,1500
942,1594
943,1467
943,1536
943,169
943,1189
943,1449
943,114
943,320
943,89
943,1653
943,813
